"","location","time","fertility_rate","life_expectancy","pop_mlns"
"1","AUS",1960,3.5,70.9,10.275
"2","AUS",1961,3.5,71.2,10.5082
"3","AUS",1962,3.4,71,10.7005
"4","AUS",1963,3.3,71.1,10.9069
"5","AUS",1964,3.2,70.7,11.1216
"6","AUS",1965,3,71,11.3409
"7","AUS",1966,2.9,70.8,11.5995
"8","AUS",1967,2.8,71.2,11.79908
"9","AUS",1968,2.9,70.9,12.00863
"10","AUS",1969,2.9,71.1,12.26301
"11","AUS",1970,2.9,70.8,12.50735
"12","AUS",1971,2.9,71.6,13.06726
"13","AUS",1972,2.7,72,13.30366
"14","AUS",1973,2.5,72.1,13.50454
"15","AUS",1974,2.3,71.9,13.72257
"16","AUS",1975,2.1,72.7,13.893
"17","AUS",1976,2.1,72.8,14.03308
"18","AUS",1977,2,73.4,14.19223
"19","AUS",1978,1.9,73.7,14.35925
"20","AUS",1979,1.9,74.3,14.51573
"21","AUS",1980,1.9,74.6,14.69536
"22","AUS",1981,1.9,74.9,14.92326
"23","AUS",1982,1.9,74.7,15.18425
"24","AUS",1983,1.9,75.5,15.39347
"25","AUS",1984,1.8,75.8,15.57939
"26","AUS",1985,1.9,75.6,15.78831
"27","AUS",1986,1.9,76.1,16.01835
"28","AUS",1987,1.8,76.3,16.26387
"29","AUS",1988,1.8,76.3,16.53216
"30","AUS",1989,1.8,76.5,16.81442
"31","AUS",1990,1.9,77,17.06513
"32","AUS",1991,1.8,77.4,17.28404
"33","AUS",1992,1.9,77.5,17.479
"34","AUS",1993,1.9,78,17.635
"35","AUS",1994,1.8,78,17.805
"36","AUS",1995,1.8,77.9,18.005
"37","AUS",1996,1.8,78.2,18.225
"38","AUS",1997,1.8,78.5,18.423
"39","AUS",1998,1.8,78.7,18.608
"40","AUS",1999,1.8,79,18.812
"41","AUS",2000,1.8,79.3,19.029
"42","AUS",2001,1.7,79.7,19.275
"43","AUS",2002,1.8,80,19.495
"44","AUS",2003,1.8,80.3,19.721
"45","AUS",2004,1.8,80.6,19.933
"46","AUS",2005,1.8,80.9,20.177
"47","AUS",2006,1.9,81.1,20.451
"48","AUS",2007,2,81.4,20.828
"49","AUS",2008,2,81.5,21.249
"50","AUS",2009,2,81.6,21.692
"51","AUS",2010,2,81.8,22.032
"52","AUS",2011,1.9,82,22.34
"53","AUS",2012,1.9,82.1,22.728
"54","AUS",2013,1.9,82.2,23.126
"55","AUS",2014,1.8,82.4,23.491
"56","AUT",1960,2.7,68.7,7.047539
"57","AUT",1961,2.8,69.7,7.086298
"58","AUT",1962,2.8,69.4,7.129864
"59","AUT",1963,2.8,69.6,7.175811
"60","AUT",1964,2.8,70,7.223801
"61","AUT",1965,2.7,69.8,7.270888
"62","AUT",1966,2.7,70.2,7.322066
"63","AUT",1967,2.6,70,7.376998
"64","AUT",1968,2.6,70.2,7.415402
"65","AUT",1969,2.5,69.9,7.441055
"66","AUT",1970,2.3,70,7.467086
"67","AUT",1971,2.2,70.2,7.500481
"68","AUT",1972,2.1,70.6,7.544201
"69","AUT",1973,1.9,71.1,7.586114
"70","AUT",1974,1.9,71.1,7.599038
"71","AUT",1975,1.8,71.2,7.578902
"72","AUT",1976,1.7,71.7,7.565525
"73","AUT",1977,1.6,72,7.56843
"74","AUT",1978,1.6,72.1,7.562304
"75","AUT",1979,1.6,72.4,7.549424
"76","AUT",1980,1.7,72.6,7.549432
"77","AUT",1981,1.7,72.9,7.56871
"78","AUT",1982,1.7,73.1,7.574139
"79","AUT",1983,1.6,73.1,7.56191
"80","AUT",1984,1.5,73.7,7.561434
"81","AUT",1985,1.5,73.9,7.564984
"82","AUT",1986,1.4,74.4,7.569794
"83","AUT",1987,1.4,74.9,7.574585
"84","AUT",1988,1.4,75.3,7.585317
"85","AUT",1989,1.4,75.4,7.619566
"86","AUT",1990,1.5,75.7,7.67785
"87","AUT",1991,1.5,75.7,7.75489
"88","AUT",1992,1.5,75.9,7.840709
"89","AUT",1993,1.5,76.2,7.905632
"90","AUT",1994,1.5,76.5,7.936117
"91","AUT",1995,1.4,76.8,7.948278
"92","AUT",1996,1.4,77,7.959016
"93","AUT",1997,1.4,77.4,7.968041
"94","AUT",1998,1.4,77.8,7.976788
"95","AUT",1999,1.3,78,7.992323
"96","AUT",2000,1.4,78.2,8.011566
"97","AUT",2001,1.3,78.7,8.042293
"98","AUT",2002,1.4,78.8,8.082121
"99","AUT",2003,1.4,78.7,8.118245
"100","AUT",2004,1.4,79.3,8.169441
"101","AUT",2005,1.4,79.4,8.225278
"102","AUT",2006,1.4,80,8.267948
"103","AUT",2007,1.4,80.3,8.295189
"104","AUT",2008,1.4,80.5,8.321541
"105","AUT",2009,1.4,80.4,8.341483
"106","AUT",2010,1.4,80.7,8.361069
"107","AUT",2011,1.4,81.1,8.388534
"108","AUT",2012,1.4,81,8.426311
"109","AUT",2013,1.4,81.2,8.46857
"110","BEL",1960,2.5,69.8,9.153489
"111","BEL",1961,2.6,70.6,9.183947
"112","BEL",1962,2.6,70.3,9.220577
"113","BEL",1963,2.7,70.1,9.28977
"114","BEL",1964,2.7,70.9,9.378113
"115","BEL",1965,2.6,70.7,9.463667
"116","BEL",1966,2.5,70.8,9.527807
"117","BEL",1967,2.4,71.1,9.58099
"118","BEL",1968,2.3,70.8,9.618755
"119","BEL",1969,2.3,70.9,9.646032
"120","BEL",1970,2.3,71.1,9.655549
"121","BEL",1971,2.2,71.2,9.673161
"122","BEL",1972,2.1,71.5,9.711114
"123","BEL",1973,2,71.7,9.74172
"124","BEL",1974,1.8,72.1,9.772419
"125","BEL",1975,1.7,72.1,9.8007
"126","BEL",1976,1.7,72.2,9.818227
"127","BEL",1977,1.7,72.9,9.830357
"128","BEL",1978,1.7,72.8,9.839533
"129","BEL",1979,1.7,73.3,9.848382
"130","BEL",1980,1.7,73.3,9.859242
"131","BEL",1981,1.7,73.7,9.858981
"132","BEL",1982,1.6,74,9.856303
"133","BEL",1983,1.6,74,9.85552
"134","BEL",1984,1.5,74.5,9.855372
"135","BEL",1985,1.5,74.6,9.858308
"136","BEL",1986,1.5,74.8,9.861823
"137","BEL",1987,1.5,75.5,9.870233
"138","BEL",1988,1.6,75.7,9.901664
"139","BEL",1989,1.6,75.7,9.937697
"140","BEL",1990,1.6,76.1,9.967378
"141","BEL",1991,1.7,76.3,10.00449
"142","BEL",1992,1.6,76.5,10.04516
"143","BEL",1993,1.6,76.5,10.08447
"144","BEL",1994,1.5,76.8,10.1156
"145","BEL",1995,1.5,77,10.13681
"146","BEL",1996,1.6,77.3,10.15664
"147","BEL",1997,1.6,77.5,10.18125
"148","BEL",1998,1.6,77.6,10.20301
"149","BEL",1999,1.6,77.7,10.22642
"150","BEL",2000,1.6,77.8,10.25125
"151","BEL",2001,1.6,78.1,10.28657
"152","BEL",2002,1.6,78.2,10.33278
"153","BEL",2003,1.6,78.2,10.37613
"154","BEL",2004,1.7,79,10.42114
"155","BEL",2005,1.7,79.1,10.47862
"156","BEL",2006,1.8,79.5,10.54796
"157","BEL",2007,1.8,79.9,10.6257
"158","BEL",2008,1.9,79.8,10.70997
"159","BEL",2009,1.8,80.1,10.79649
"160","BEL",2010,1.8,80.3,10.92027
"161","BEL",2011,1.8,80.7,11.04774
"162","BEL",2012,1.8,80.5,11.12825
"163","BEL",2013,1.7,80.7,11.17844
"164","BEL",2014,1.7,81.4,11.22728
"165","BRA",1960,6.1,54.3,69.717
"166","BRA",1961,6,54.8,71.818
"167","BRA",1962,6,55.3,73.969
"168","BRA",1963,5.9,55.8,76.169
"169","BRA",1964,5.8,56.3,78.414
"170","BRA",1965,5.7,56.8,80.703
"171","BRA",1966,5.6,57.3,83.033
"172","BRA",1967,5.5,57.8,85.402
"173","BRA",1968,5.3,58.3,87.807
"174","BRA",1969,5.2,58.8,90.246
"175","BRA",1970,5,59.2,92.716
"176","BRA",1971,4.9,59.6,95.215
"177","BRA",1972,4.8,60,97.741
"178","BRA",1973,4.6,60.3,100.291
"179","BRA",1974,4.6,60.6,102.861
"180","BRA",1975,4.5,60.9,105.45
"181","BRA",1976,4.4,61.1,108.054
"182","BRA",1977,4.3,61.3,110.671
"183","BRA",1978,4.2,61.6,113.297
"184","BRA",1979,4.2,61.8,115.929
"185","BRA",1980,4.1,62.1,118.5625
"186","BRA",1981,4,62.4,121.3813
"187","BRA",1982,3.9,62.7,124.2508
"188","BRA",1983,3.7,63,127.1404
"189","BRA",1984,3.6,63.3,130.0825
"190","BRA",1985,3.5,63.6,132.9993
"191","BRA",1986,3.4,64,135.8143
"192","BRA",1987,3.2,64.3,138.5859
"193","BRA",1988,3.1,64.7,141.313
"194","BRA",1989,3,65.1,143.9973
"195","BRA",1990,2.9,65.4,146.5926
"196","BRA",1991,2.8,65.8,149.0943
"197","BRA",1992,2.8,66.3,151.5468
"198","BRA",1993,2.7,66.7,153.9856
"199","BRA",1994,2.6,67.2,156.431
"200","BRA",1995,2.6,67.7,158.875
"201","BRA",1996,2.5,68.2,161.3232
"202","BRA",1997,2.5,68.7,163.7798
"203","BRA",1998,2.4,69.2,166.2521
"204","BRA",1999,2.4,69.7,168.7535
"205","BRA",2000,2.3,70.1,171.2799
"206","BRA",2001,2.2,70.6,172.7424
"207","BRA",2002,2.2,70.9,175.0766
"208","BRA",2003,2.1,71.3,177.3603
"209","BRA",2004,2,71.6,183.4393
"210","BRA",2005,2,71.9,185.6514
"211","BRA",2006,1.9,72.2,187.8518
"212","BRA",2007,1.9,72.5,189.9539
"213","BRA",2008,1.9,72.8,191.9998
"214","BRA",2009,1.8,73.1,193.9951
"215","BRA",2010,1.8,73.4,193.2526
"216","BRA",2011,1.8,73.6,197.8253
"217","BRA",2012,1.8,73.9,199.6889
"218","BRA",2013,1.8,74.2,201.4671
"219","CAN",1961,3.8,71.3,18.635
"220","CAN",1966,2.8,72,20.421
"221","CAN",1971,2.2,72.9,21.962
"222","CAN",1976,1.8,73.9,23.45
"223","CAN",1979,1.7,75.1,24.202
"224","CAN",1980,1.7,75.3,24.516
"225","CAN",1981,1.7,75.5,24.82
"226","CAN",1982,1.6,75.6,25.117
"227","CAN",1983,1.6,75.9,25.366
"228","CAN",1984,1.6,76.2,25.607
"229","CAN",1985,1.6,76.3,25.842
"230","CAN",1986,1.6,76.5,26.1
"231","CAN",1987,1.6,76.6,26.447
"232","CAN",1988,1.6,76.8,26.792
"233","CAN",1989,1.7,77,27.277
"234","CAN",1990,1.7,77.2,27.69114
"235","CAN",1991,1.7,77.5,28.03742
"236","CAN",1992,1.7,77.7,28.37126
"237","CAN",1993,1.7,77.8,28.68476
"238","CAN",1994,1.6,77.9,29.00066
"239","CAN",1995,1.6,77.9,29.30231
"240","CAN",1996,1.6,78.1,29.61022
"241","CAN",1997,1.6,78.3,29.90595
"242","CAN",1998,1.5,78.5,30.15517
"243","CAN",1999,1.5,78.7,30.40129
"244","CAN",2000,1.5,79,30.68573
"245","CAN",2001,1.5,79.2,31.01902
"246","CAN",2002,1.5,79.4,31.35366
"247","CAN",2003,1.5,79.6,31.63967
"248","CAN",2004,1.5,79.8,31.94068
"249","CAN",2005,1.5,80,32.24521
"250","CAN",2006,1.6,80.3,32.57607
"251","CAN",2007,1.7,80.4,32.92752
"252","CAN",2008,1.7,80.6,33.31766
"253","CAN",2009,1.7,80.8,33.72691
"254","CAN",2010,1.6,81.1,34.12655
"255","CAN",2011,1.6,81.3,34.48398
"256","CAN",2012,1.6,81.5,34.88049
"257","CAN",2013,1.6,81.7,35.154
"258","CAN",2014,1.6,81.8,35.54
"259","CHE",1960,2.4,71.4,5.327827
"260","CHE",1961,2.5,71.8,5.434294
"261","CHE",1962,2.6,71.3,5.573815
"262","CHE",1963,2.7,71.3,5.694247
"263","CHE",1964,2.7,72.2,5.789228
"264","CHE",1965,2.6,72.3,5.856472
"265","CHE",1966,2.5,72.5,5.918002
"266","CHE",1967,2.4,72.8,5.991785
"267","CHE",1968,2.3,72.7,6.067713
"268","CHE",1969,2.2,72.7,6.136387
"269","CHE",1970,2.1,73.1,6.180882
"270","CHE",1971,2,73.3,6.213405
"271","CHE",1972,1.9,73.8,6.260956
"272","CHE",1973,1.8,74.1,6.307348
"273","CHE",1974,1.7,74.4,6.341406
"274","CHE",1975,1.6,74.8,6.338632
"275","CHE",1976,1.5,74.9,6.302505
"276","CHE",1977,1.5,75.4,6.281175
"277","CHE",1978,1.5,75.4,6.281737
"278","CHE",1979,1.5,75.7,6.294364
"279","CHE",1980,1.6,75.7,6.319409
"280","CHE",1981,1.5,75.9,6.354073
"281","CHE",1982,1.6,76.2,6.391309
"282","CHE",1983,1.5,76.2,6.418774
"283","CHE",1984,1.5,76.9,6.441865
"284","CHE",1985,1.5,77,6.470366
"285","CHE",1986,1.5,77.1,6.504125
"286","CHE",1987,1.5,77.5,6.545107
"287","CHE",1988,1.6,77.5,6.593387
"288","CHE",1989,1.6,77.7,6.646912
"289","CHE",1990,1.6,77.5,6.712273
"290","CHE",1991,1.6,77.8,6.799979
"291","CHE",1992,1.6,78,6.875364
"292","CHE",1993,1.5,78.4,6.938265
"293","CHE",1994,1.5,78.6,6.993795
"294","CHE",1995,1.5,78.7,7.040687
"295","CHE",1996,1.5,79.1,7.071851
"296","CHE",1997,1.5,79.3,7.088906
"297","CHE",1998,1.5,79.6,7.110002
"298","CHE",1999,1.5,79.8,7.143991
"299","CHE",2000,1.5,79.9,7.18425
"300","CHE",2001,1.4,80.4,7.226647
"301","CHE",2002,1.4,80.6,7.284754
"302","CHE",2003,1.4,80.6,7.339
"303","CHE",2004,1.4,81.2,7.389625
"304","CHE",2005,1.4,81.4,7.437115
"305","CHE",2006,1.4,81.7,7.483934
"306","CHE",2007,1.5,82,7.551117
"307","CHE",2008,1.5,82.2,7.647675
"308","CHE",2009,1.5,82.3,7.743831
"309","CHE",2010,1.5,82.6,7.82797
"310","CHE",2011,1.5,82.8,7.912398
"311","CHE",2012,1.5,82.8,7.996861
"312","CHE",2013,1.5,82.9,8.14
"313","CHL",1970,4,62.3,9.569631
"314","CHL",1990,2.6,72.9,13.17878
"315","CHL",1991,2.6,74,13.42201
"316","CHL",1992,2.6,74.5,13.66524
"317","CHL",1993,2.5,74.5,13.90847
"318","CHL",1994,2.4,75,14.15171
"319","CHL",1995,2.4,74.8,14.39494
"320","CHL",1996,2.3,75.2,14.5955
"321","CHL",1997,2.2,75.7,14.79608
"322","CHL",1998,2.2,75.8,14.99665
"323","CHL",1999,2.1,76,15.19721
"324","CHL",2000,2.1,76.8,15.39778
"325","CHL",2001,2,76.8,15.57168
"326","CHL",2002,1.9,77.2,15.66827
"327","CHL",2003,1.9,77.2,15.83784
"328","CHL",2004,1.9,77.2,16.00167
"329","CHL",2005,1.8,77.6,16.16532
"330","CHL",2006,1.8,78,16.33217
"331","CHL",2007,1.9,77.5,16.50487
"332","CHL",2008,1.9,78.1,16.68685
"333","CHL",2009,1.9,78.2,16.87677
"334","CHL",2010,1.9,78,17.06614
"335","CHL",2011,1.9,78.7,17.25553
"336","CHL",2012,1.8,78.7,17.4448
"337","CHL",2013,1.8,79.5,17.63158
"338","CHL",2014,1.9,79.7,17.81905
"339","CHN",1960,5.7,43.4,650.7126
"340","CHN",1961,5.9,43.7,660.735
"341","CHN",1962,6.1,44.4,671.1549
"342","CHN",1963,6.2,45.6,682.6161
"343","CHN",1964,6.3,47.2,695.9187
"344","CHN",1965,6.4,49.2,711.5829
"345","CHN",1966,6.4,51.3,729.2626
"346","CHN",1967,6.3,53.5,749.1154
"347","CHN",1968,6.1,55.5,770.5073
"348","CHN",1969,5.9,57.2,792.5192
"349","CHN",1970,5.6,58.7,814.4229
"350","CHN",1971,5.3,59.9,835.6502
"351","CHN",1972,5,61,856.5981
"352","CHN",1973,4.6,61.9,876.8586
"353","CHN",1974,4.2,62.8,895.9727
"354","CHN",1975,3.8,63.6,913.6462
"355","CHN",1976,3.5,64.3,929.4601
"356","CHN",1977,3.2,65,943.7886
"357","CHN",1978,2.9,65.6,957.1787
"358","CHN",1979,2.8,66.1,970.4154
"359","CHN",1980,2.6,66.6,984.1217
"360","CHN",1981,2.6,67,998.0024
"361","CHN",1982,2.6,67.3,1012.373
"362","CHN",1983,2.6,67.7,1027.641
"363","CHN",1984,2.6,67.9,1044.253
"364","CHN",1985,2.7,68.2,1062.446
"365","CHN",1986,2.7,68.4,1082.005
"366","CHN",1987,2.7,68.6,1103.076
"367","CHN",1988,2.6,68.8,1124.793
"368","CHN",1989,2.5,68.9,1145.942
"369","CHN",1990,2.4,69.1,1165.429
"370","CHN",1991,2.2,69.2,1183.008
"371","CHN",1992,2,69.4,1198.875
"372","CHN",1993,1.9,69.6,1213.104
"373","CHN",1994,1.7,69.7,1225.922
"374","CHN",1995,1.6,70,1237.531
"375","CHN",1996,1.6,70.2,1247.897
"376","CHN",1997,1.5,70.6,1257.022
"377","CHN",1998,1.5,70.9,1265.223
"378","CHN",1999,1.5,71.3,1272.915
"379","CHN",2000,1.5,71.8,1280.429
"380","CHN",2001,1.5,72.2,1287.891
"381","CHN",2002,1.5,72.7,1295.322
"382","CHN",2003,1.5,73.1,1302.81
"383","CHN",2004,1.6,73.5,1310.414
"384","CHN",2005,1.6,73.8,1318.177
"385","CHN",2006,1.6,74.1,1326.146
"386","CHN",2007,1.6,74.4,1334.344
"387","CHN",2008,1.6,74.6,1342.733
"388","CHN",2009,1.6,74.8,1351.248
"389","CHN",2010,1.6,75,1359.822
"390","CHN",2011,1.6,75.2,1368.44
"391","CHN",2012,1.6,75.4,1377.065
"392","CHN",2013,1.6,75.6,1385.567
"393","COL",1985,3.4,67.7,30.80222
"394","COL",1986,3.3,67.9,31.44
"395","COL",1987,3.2,68,32.09697
"396","COL",1988,3.1,68.1,32.76711
"397","COL",1989,3.1,68.3,33.44691
"398","COL",1990,3,69.4,34.13002
"399","COL",1995,2.7,71,37.47218
"400","COL",2000,2.4,72.7,40.29556
"401","COL",2005,2.2,74.1,42.88859
"402","COL",2010,2,75.3,45.50959
"403","CZE",1960,2.1,70.7,9.659818
"404","CZE",1961,2.1,70.7,9.588016
"405","CZE",1962,2.1,69.9,9.621808
"406","CZE",1963,2.3,70.5,9.668741
"407","CZE",1964,2.4,70.7,9.730019
"408","CZE",1965,2.2,70.4,9.785102
"409","CZE",1966,2,70.6,9.826188
"410","CZE",1967,1.9,70.5,9.854241
"411","CZE",1968,1.8,70.1,9.877632
"412","CZE",1969,1.9,69.6,9.896695
"413","CZE",1970,1.9,69.6,9.805157
"414","CZE",1971,2,69.8,9.830602
"415","CZE",1972,2.1,70.3,9.868379
"416","CZE",1973,2.3,70.2,9.919519
"417","CZE",1974,2.4,70.2,9.994761
"418","CZE",1975,2.4,70.6,10.06237
"419","CZE",1976,2.4,70.7,10.12822
"420","CZE",1977,2.3,70.8,10.18931
"421","CZE",1978,2.3,70.9,10.24569
"422","CZE",1979,2.3,70.9,10.29649
"423","CZE",1980,2.1,70.5,10.32679
"424","CZE",1981,2,70.8,10.30321
"425","CZE",1982,2,70.9,10.31432
"426","CZE",1983,2,70.8,10.32282
"427","CZE",1984,2,71,10.33048
"428","CZE",1985,2,71.2,10.33674
"429","CZE",1986,1.9,71.1,10.34074
"430","CZE",1987,1.9,71.6,10.34883
"431","CZE",1988,1.9,71.8,10.35636
"432","CZE",1989,1.9,71.9,10.36226
"433","CZE",1990,1.9,71.6,10.36274
"434","CZE",1991,1.9,72,10.30868
"435","CZE",1992,1.7,72.5,10.31781
"436","CZE",1993,1.7,72.9,10.33061
"437","CZE",1994,1.4,73.2,10.33616
"438","CZE",1995,1.3,73.3,10.33076
"439","CZE",1996,1.2,74,10.31535
"440","CZE",1997,1.2,74.1,10.30364
"441","CZE",1998,1.2,74.7,10.29494
"442","CZE",1999,1.1,74.9,10.28278
"443","CZE",2000,1.1,75.1,10.2725
"444","CZE",2001,1.1,75.3,10.22419
"445","CZE",2002,1.2,75.4,10.20077
"446","CZE",2003,1.2,75.3,10.20165
"447","CZE",2004,1.2,75.8,10.20692
"448","CZE",2005,1.3,76.1,10.23409
"449","CZE",2006,1.3,76.7,10.26665
"450","CZE",2007,1.4,77,10.32269
"451","CZE",2008,1.5,77.3,10.42969
"452","CZE",2009,1.5,77.4,10.49149
"453","CZE",2010,1.5,77.7,10.51725
"454","CZE",2011,1.4,78,10.49667
"455","CZE",2012,1.5,78.2,10.50929
"456","CZE",2013,1.5,78.3,10.51072
"457","CZE",2014,1.5,78.9,10.52478
"458","DEU",1960,2.4,69.1,55.585
"459","DEU",1961,2.4,69.7,56.175
"460","DEU",1962,2.4,69.9,56.837
"461","DEU",1963,2.5,70,57.389
"462","DEU",1964,2.5,70.6,57.971
"463","DEU",1965,2.5,70.5,58.619
"464","DEU",1966,2.5,70.6,59.148
"465","DEU",1967,2.5,70.9,59.286
"466","DEU",1968,2.4,70.5,59.5
"467","DEU",1969,2.2,70.3,60.067
"468","DEU",1970,2,70.6,60.651
"469","DEU",1971,2,70.8,61.302
"470","DEU",1972,1.7,71,61.672
"471","DEU",1973,1.6,71.3,61.976
"472","DEU",1974,1.5,71.5,62.054
"473","DEU",1975,1.5,71.4,61.829
"474","DEU",1976,1.5,71.8,61.531
"475","DEU",1977,1.5,72.5,61.4
"476","DEU",1978,1.5,72.4,61.327
"477","DEU",1979,1.5,72.8,61.359
"478","DEU",1980,1.6,72.9,61.566
"479","DEU",1981,1.5,73.2,61.682
"480","DEU",1982,1.5,73.5,61.638
"481","DEU",1983,1.4,73.8,61.423
"482","DEU",1984,1.4,74.3,61.175
"483","DEU",1985,1.4,74.4,61.024
"484","DEU",1986,1.4,74.6,61.066
"485","DEU",1987,1.4,75,61.077
"486","DEU",1988,1.5,75.2,61.45
"487","DEU",1989,1.4,75.4,62.063
"488","DEU",1990,1.5,75.3,63.254
"489","DEU",1991,1.3,75.5,79.984
"490","DEU",1992,1.3,76,80.595
"491","DEU",1993,1.3,76.1,81.179
"492","DEU",1994,1.2,76.4,81.422
"493","DEU",1995,1.2,76.6,81.661
"494","DEU",1996,1.3,76.9,81.895
"495","DEU",1997,1.4,77.3,82.052
"496","DEU",1998,1.4,77.7,82.029
"497","DEU",1999,1.4,77.9,82.024
"498","DEU",2000,1.4,78.2,82.16
"499","DEU",2001,1.3,78.5,82.277
"500","DEU",2002,1.3,78.5,82.456
"501","DEU",2003,1.3,78.6,82.502
"502","DEU",2004,1.4,79.2,82.491
"503","DEU",2005,1.3,79.4,82.465
"504","DEU",2006,1.3,79.8,82.369
"505","DEU",2007,1.4,80.1,82.257
"506","DEU",2008,1.4,80.2,82.135
"507","DEU",2009,1.4,80.3,81.904
"508","DEU",2010,1.4,80.5,81.715
"509","DEU",2011,1.4,80.5,80.249
"510","DEU",2012,1.4,80.6,80.413
"511","DEU",2013,1.4,80.6,80.611
"512","DEU",2014,1.5,81.2,80.896
"513","DNK",1960,2.5,72.4,4.579603
"514","DNK",1967,2.4,72.6,4.835354
"515","DNK",1968,2.1,73,4.864882
"516","DNK",1969,2,73.2,4.891859
"517","DNK",1970,2,73.3,4.928757
"518","DNK",1971,2,73.3,4.963125
"519","DNK",1972,2,73.4,4.991596
"520","DNK",1973,1.9,73.6,5.021861
"521","DNK",1974,1.9,74,5.045297
"522","DNK",1975,1.9,74.2,5.059861
"523","DNK",1976,1.7,73.9,5.072596
"524","DNK",1977,1.7,74.9,5.088419
"525","DNK",1978,1.7,74.6,5.104248
"526","DNK",1979,1.6,74.4,5.116801
"527","DNK",1980,1.5,74.3,5.123027
"528","DNK",1981,1.4,74.4,5.121572
"529","DNK",1982,1.4,74.7,5.11781
"530","DNK",1983,1.4,74.6,5.114297
"531","DNK",1984,1.4,74.8,5.111619
"532","DNK",1985,1.4,74.6,5.11369
"533","DNK",1986,1.5,74.8,5.120534
"534","DNK",1987,1.5,74.9,5.127024
"535","DNK",1988,1.6,75,5.129516
"536","DNK",1989,1.6,75,5.132593
"537","DNK",1990,1.7,74.9,5.140939
"538","DNK",1991,1.7,75.3,5.154297
"539","DNK",1992,1.8,75.3,5.17137
"540","DNK",1993,1.8,75.2,5.188628
"541","DNK",1994,1.8,75.5,5.20618
"542","DNK",1995,1.8,75.3,5.233373
"543","DNK",1996,1.8,75.7,5.263074
"544","DNK",1997,1.8,76.1,5.284991
"545","DNK",1998,1.7,76.5,5.304218
"546","DNK",1999,1.7,76.6,5.321798
"547","DNK",2000,1.8,76.9,5.339616
"548","DNK",2001,1.7,77,5.358783
"549","DNK",2002,1.7,77.1,5.375931
"550","DNK",2003,1.8,77.4,5.390574
"551","DNK",2004,1.8,77.8,5.404522
"552","DNK",2005,1.8,78.3,5.419432
"553","DNK",2006,1.8,78.4,5.437271
"554","DNK",2007,1.8,78.4,5.461438
"555","DNK",2008,1.9,78.8,5.493621
"556","DNK",2009,1.8,79,5.523095
"557","DNK",2010,1.9,79.3,5.547683
"558","DNK",2011,1.8,79.9,5.570572
"559","DNK",2012,1.7,80.1,5.591572
"560","DNK",2013,1.7,80.4,5.614932
"561","ESP",1960,2.9,69.8,30.256
"562","ESP",1970,2.9,72,33.75282
"563","ESP",1975,2.8,73.4,35.68771
"564","ESP",1976,2.8,73.7,36.11804
"565","ESP",1977,2.7,74.2,36.56384
"566","ESP",1978,2.6,74.4,36.97147
"567","ESP",1979,2.4,74.9,37.28901
"568","ESP",1980,2.2,75.4,37.52691
"569","ESP",1981,2,75.7,37.76446
"570","ESP",1982,1.9,76.3,37.98711
"571","ESP",1983,1.8,76,38.16026
"572","ESP",1984,1.7,76.4,38.32524
"573","ESP",1985,1.6,76.4,38.46702
"574","ESP",1986,1.6,76.7,38.57194
"575","ESP",1987,1.5,76.9,38.68232
"576","ESP",1988,1.5,76.9,38.76431
"577","ESP",1989,1.4,77,38.82138
"578","ESP",1990,1.4,77,38.86083
"579","ESP",1991,1.3,77.1,38.94162
"580","ESP",1992,1.3,77.6,39.14794
"581","ESP",1993,1.3,77.7,39.35608
"582","ESP",1994,1.2,78.1,39.54735
"583","ESP",1995,1.2,78.1,39.71889
"584","ESP",1996,1.2,78.3,39.88425
"585","ESP",1997,1.2,78.8,40.04997
"586","ESP",1998,1.2,78.9,40.21407
"587","ESP",1999,1.2,78.8,40.36967
"588","ESP",2000,1.2,79.3,40.55439
"589","ESP",2001,1.2,79.8,40.76605
"590","ESP",2002,1.3,79.9,41.42352
"591","ESP",2003,1.3,79.7,42.19623
"592","ESP",2004,1.3,80.4,42.85917
"593","ESP",2005,1.3,80.3,43.66261
"594","ESP",2006,1.4,81.1,44.36052
"595","ESP",2007,1.4,81.2,45.236
"596","ESP",2008,1.5,81.5,45.98317
"597","ESP",2009,1.4,81.9,46.36755
"598","ESP",2010,1.4,82.4,46.56248
"599","ESP",2011,1.3,82.6,46.73626
"600","ESP",2012,1.3,82.5,46.7664
"601","ESP",2013,1.3,83.2,46.59323
"602","ESP",2014,1.3,83.3,46.46405
"603","EST",1960,2,68.9,1.211537
"604","EST",1961,2,69.2,1.225076
"605","EST",1962,2,69.4,1.241622
"606","EST",1963,1.9,69.5,1.258857
"607","EST",1964,1.9,70.3,1.277086
"608","EST",1965,1.9,70.3,1.294566
"609","EST",1966,1.9,70.4,1.308596
"610","EST",1967,1.9,70.6,1.318946
"611","EST",1968,2,70.2,1.331213
"612","EST",1969,2.1,69.9,1.345249
"613","EST",1970,2.2,70,1.360076
"614","EST",1971,2.2,70.3,1.376955
"615","EST",1972,2.1,70.1,1.392518
"616","EST",1973,2.1,70.4,1.405951
"617","EST",1974,2.1,70.5,1.418169
"618","EST",1975,2,69.9,1.429351
"619","EST",1976,2.1,69.5,1.439576
"620","EST",1977,2.1,69.6,1.450211
"621","EST",1978,2,69.4,1.460188
"622","EST",1979,2,69.2,1.468333
"623","EST",1980,2,69.3,1.477218
"624","EST",1981,2.1,69.1,1.487666
"625","EST",1982,2.1,69.7,1.498414
"626","EST",1983,2.2,69.6,1.508745
"627","EST",1984,2.2,69.5,1.518616
"628","EST",1985,2.1,69.6,1.528781
"629","EST",1986,2.2,70.7,1.54019
"630","EST",1987,2.3,70.7,1.55222
"631","EST",1988,2.3,70.8,1.561899
"632","EST",1989,2.2,70.3,1.56813
"633","EST",1990,2.1,69.8,1.569174
"634","EST",1991,1.8,69.7,1.561313
"635","EST",1992,1.7,69.1,1.53309
"636","EST",1993,1.5,68.2,1.494127
"637","EST",1994,1.4,66.8,1.462513
"638","EST",1995,1.4,67.9,1.436633
"639","EST",1996,1.4,69.9,1.415594
"640","EST",1997,1.3,70.1,1.399535
"641","EST",1998,1.3,69.7,1.386155
"642","EST",1999,1.3,70.6,1.380619
"643","EST",2000,1.4,71,1.396985
"644","EST",2001,1.3,70.9,1.388115
"645","EST",2002,1.4,71.4,1.37935
"646","EST",2003,1.4,71.8,1.37072
"647","EST",2004,1.5,72.4,1.36255
"648","EST",2005,1.5,72.9,1.354775
"649","EST",2006,1.6,73.1,1.34681
"650","EST",2007,1.7,73.2,1.34068
"651","EST",2008,1.7,74.2,1.33709
"652","EST",2009,1.7,75.2,1.334515
"653","EST",2010,1.7,75.9,1.331475
"654","EST",2011,1.6,76.4,1.327439
"655","EST",2012,1.6,76.5,1.322696
"656","EST",2013,1.5,77.3,1.317997
"657","EST",2014,1.5,77.2,1.315819
"658","FIN",1960,2.7,69,4.43
"659","FIN",1963,2.7,69,4.523
"660","FIN",1968,2.1,69.8,4.626
"661","FIN",1970,1.8,70.8,4.606
"662","FIN",1971,1.7,70.1,4.612
"663","FIN",1972,1.6,70.7,4.64
"664","FIN",1973,1.5,71.2,4.666
"665","FIN",1974,1.6,71.2,4.691
"666","FIN",1975,1.7,71.7,4.712
"667","FIN",1976,1.7,72,4.726
"668","FIN",1977,1.7,72.4,4.739
"669","FIN",1978,1.7,73,4.753
"670","FIN",1979,1.6,73.2,4.765
"671","FIN",1980,1.6,73.6,4.779
"672","FIN",1981,1.6,73.9,4.8
"673","FIN",1982,1.7,74.6,4.827
"674","FIN",1983,1.7,74.4,4.856
"675","FIN",1984,1.7,74.8,4.882
"676","FIN",1985,1.6,74.5,4.902
"677","FIN",1986,1.6,74.8,4.918
"678","FIN",1987,1.6,74.8,4.932
"679","FIN",1988,1.7,74.8,4.947
"680","FIN",1989,1.7,75,4.964
"681","FIN",1990,1.8,75,4.986
"682","FIN",1991,1.8,75.5,5.014
"683","FIN",1992,1.9,75.7,5.042
"684","FIN",1993,1.8,75.8,5.066
"685","FIN",1994,1.9,76.6,5.088
"686","FIN",1995,1.8,76.6,5.108
"687","FIN",1996,1.8,76.9,5.125
"688","FIN",1997,1.8,77.1,5.14
"689","FIN",1998,1.7,77.3,5.153
"690","FIN",1999,1.7,77.5,5.165
"691","FIN",2000,1.7,77.7,5.176
"692","FIN",2001,1.7,78.2,5.188
"693","FIN",2002,1.7,78.3,5.201
"694","FIN",2003,1.8,78.5,5.213
"695","FIN",2004,1.8,79,5.228
"696","FIN",2005,1.8,79.1,5.246
"697","FIN",2006,1.8,79.5,5.267
"698","FIN",2007,1.8,79.6,5.289
"699","FIN",2008,1.9,79.9,5.313
"700","FIN",2009,1.9,80.1,5.339
"701","FIN",2010,1.9,80.2,5.363
"702","FIN",2011,1.8,80.6,5.388
"703","FIN",2012,1.8,80.7,5.414
"704","FIN",2013,1.8,81.1,5.439
"705","FIN",2014,1.7,81.3,5.472
"706","FRA",1960,2.7,70.3,45.68423
"707","FRA",1961,2.8,71,46.16283
"708","FRA",1962,2.8,70.5,46.9977
"709","FRA",1963,2.9,70.5,47.81622
"710","FRA",1964,2.9,71.4,48.31041
"711","FRA",1965,2.8,71.3,48.7578
"712","FRA",1966,2.8,71.5,49.16366
"713","FRA",1967,2.7,71.5,49.5483
"714","FRA",1968,2.6,71.5,49.9154
"715","FRA",1969,2.5,71.3,50.31798
"716","FRA",1970,2.5,72.2,50.77223
"717","FRA",1971,2.5,72.1,51.25109
"718","FRA",1972,2.4,72.4,51.70091
"719","FRA",1973,2.3,72.5,52.1183
"720","FRA",1974,2.1,72.8,52.46036
"721","FRA",1975,1.9,73,52.69917
"722","FRA",1976,1.8,73.2,52.90867
"723","FRA",1977,1.9,73.8,53.14529
"724","FRA",1978,1.8,73.9,53.37632
"725","FRA",1979,1.9,74.2,53.60623
"726","FRA",1980,1.9,74.3,53.88001
"727","FRA",1981,1.9,74.5,54.18182
"728","FRA",1982,1.9,74.8,54.49249
"729","FRA",1983,1.8,74.8,54.77242
"730","FRA",1984,1.8,75.3,55.02608
"731","FRA",1985,1.8,75.4,55.28427
"732","FRA",1986,1.8,75.7,55.54651
"733","FRA",1987,1.8,76.3,55.82396
"734","FRA",1988,1.8,76.6,56.11798
"735","FRA",1989,1.8,76.7,56.42341
"736","FRA",1990,1.8,77,56.70883
"737","FRA",1991,1.8,77.2,56.9756
"738","FRA",1992,1.7,77.5,57.23985
"739","FRA",1993,1.7,77.6,57.46709
"740","FRA",1994,1.7,78,57.65877
"741","FRA",1995,1.7,78.1,57.84425
"742","FRA",1996,1.7,78.3,58.02599
"743","FRA",1997,1.7,78.6,58.20749
"744","FRA",1998,1.8,78.8,58.39779
"745","FRA",1999,1.8,78.9,58.67741
"746","FRA",2000,1.9,79.2,59.06239
"747","FRA",2001,1.9,79.3,59.47623
"748","FRA",2002,1.9,79.4,59.89387
"749","FRA",2003,1.9,79.3,60.30363
"750","FRA",2004,1.9,80.3,60.73434
"751","FRA",2005,1.9,80.4,61.1815
"752","FRA",2006,2,81,61.59748
"753","FRA",2007,2,81.2,61.96505
"754","FRA",2008,2,81.4,62.30029
"755","FRA",2009,2,81.5,62.61547
"756","FRA",2010,2,81.8,62.91779
"757","FRA",2011,2,82.3,63.22316
"758","FRA",2012,2,82.1,63.514
"759","FRA",2013,2,82.3,63.78614
"760","FRA",2014,2,82.8,64.06225
"761","GBR",1960,2.7,70.8,52.373
"762","GBR",1961,2.8,70.7,52.807
"763","GBR",1970,2.4,71.9,55.632
"764","GBR",1971,2.4,71.9,55.928
"765","GBR",1980,1.9,73.2,56.33
"766","GBR",1981,1.8,73.8,56.357
"767","GBR",1982,1.8,74.1,56.291
"768","GBR",1983,1.8,74.3,56.316
"769","GBR",1984,1.8,74.5,56.409
"770","GBR",1985,1.8,74.7,56.554
"771","GBR",1986,1.8,74.8,56.684
"772","GBR",1987,1.8,75.2,56.804
"773","GBR",1988,1.8,75.3,56.916
"774","GBR",1989,1.8,75.4,57.076
"775","GBR",1990,1.8,75.7,57.237
"776","GBR",1991,1.8,75.9,57.439
"777","GBR",1992,1.8,76.3,57.585
"778","GBR",1993,1.8,76.2,57.714
"779","GBR",1994,1.7,76.8,57.862
"780","GBR",1995,1.7,76.7,58.025
"781","GBR",1996,1.7,76.9,58.164
"782","GBR",1997,1.7,77.2,58.314
"783","GBR",1998,1.7,77.3,58.475
"784","GBR",1999,1.7,77.5,58.684
"785","GBR",2000,1.6,77.9,58.886
"786","GBR",2001,1.6,78.2,59.113
"787","GBR",2002,1.6,78.3,58.56963
"788","GBR",2003,1.7,78.4,58.83895
"789","GBR",2004,1.8,79,59.14912
"790","GBR",2005,1.8,79.2,59.59104
"791","GBR",2006,1.8,79.5,60.00257
"792","GBR",2007,1.9,79.7,60.48182
"793","GBR",2008,1.9,79.8,60.98238
"794","GBR",2009,1.9,80.4,61.42372
"795","GBR",2010,1.9,80.6,61.91464
"796","GBR",2011,1.9,81,62.4352
"797","GBR",2012,1.9,81,62.8588
"798","GBR",2013,1.8,81.1,63.23794
"799","GBR",2014,1.8,81.4,63.65001
"800","GRC",1961,2.1,72,8.39805
"801","GRC",1962,2.2,71.7,8.448233
"802","GRC",1963,2.1,72,8.479625
"803","GRC",1964,2.2,71.9,8.510429
"804","GRC",1965,2.3,72.4,8.550333
"805","GRC",1966,2.3,72.6,8.613651
"806","GRC",1967,2.5,72.3,8.684088
"807","GRC",1968,2.4,72.4,8.740765
"808","GRC",1969,2.4,73,8.772764
"809","GRC",1970,2.4,73.8,8.792806
"810","GRC",1971,2.3,74.2,8.831036
"811","GRC",1972,2.3,73.8,8.888628
"812","GRC",1973,2.3,74.1,8.929086
"813","GRC",1974,2.4,74.6,8.962021
"814","GRC",1975,2.3,74.5,9.04654
"815","GRC",1976,2.4,74.5,9.18815
"816","GRC",1977,2.3,74.7,9.308479
"817","GRC",1978,2.3,75.2,9.429959
"818","GRC",1979,2.3,75.5,9.548258
"819","GRC",1980,2.2,75.3,9.642505
"820","GRC",1981,2.1,75.7,9.72935
"821","GRC",1982,2,75.9,9.789513
"822","GRC",1983,1.9,75.7,9.846627
"823","GRC",1984,1.8,76.2,9.895801
"824","GRC",1985,1.7,76,9.9343
"825","GRC",1986,1.6,76.5,9.967213
"826","GRC",1987,1.5,76.3,10.00059
"827","GRC",1988,1.5,76.8,10.03698
"828","GRC",1989,1.4,77,10.0895
"829","GRC",1990,1.4,77.1,10.1569
"830","GRC",1991,1.4,77.3,10.25629
"831","GRC",1992,1.4,77.2,10.36987
"832","GRC",1993,1.3,77.6,10.46553
"833","GRC",1994,1.3,77.8,10.55304
"834","GRC",1995,1.3,77.8,10.63438
"835","GRC",1996,1.3,78,10.70917
"836","GRC",1997,1.3,78.4,10.7765
"837","GRC",1998,1.2,78.4,10.83488
"838","GRC",1999,1.2,78.5,10.88258
"839","GRC",2000,1.3,78.6,10.91748
"840","GRC",2001,1.3,79.1,10.95
"841","GRC",2002,1.3,79.2,10.983
"842","GRC",2003,1.3,79.3,11.016
"843","GRC",2004,1.3,79.4,11.057
"844","GRC",2005,1.3,79.7,11.093
"845","GRC",2006,1.4,79.9,11.131
"846","GRC",2007,1.4,79.7,11.163
"847","GRC",2008,1.5,80.3,11.186
"848","GRC",2009,1.5,80.4,11.185
"849","GRC",2010,1.5,80.7,11.153
"850","GRC",2011,1.4,80.8,11.124
"851","GRC",2012,1.3,80.7,11.09
"852","HUN",1960,2,68.1,9.984
"853","HUN",1961,1.9,69,10.028
"854","HUN",1962,1.8,67.9,10.061
"855","HUN",1963,1.8,69,10.088
"856","HUN",1964,1.8,69.5,10.12
"857","HUN",1965,1.8,69.1,10.148
"858","HUN",1966,1.9,69.9,10.179
"859","HUN",1967,2,69.5,10.217
"860","HUN",1968,2.1,69.3,10.256
"861","HUN",1969,2,69.4,10.294
"862","HUN",1970,2,69.2,10.338
"863","HUN",1971,1.9,69.1,10.368
"864","HUN",1972,1.9,69.8,10.398
"865","HUN",1973,2,69.6,10.432
"866","HUN",1974,2.3,69.3,10.479
"867","HUN",1975,2.4,69.4,10.541
"868","HUN",1976,2.3,69.7,10.599
"869","HUN",1977,2.2,70,10.648
"870","HUN",1978,2.1,69.5,10.685
"871","HUN",1979,2,69.7,10.711
"872","HUN",1980,1.9,69.2,10.711
"873","HUN",1981,1.9,69.3,10.712
"874","HUN",1982,1.8,69.5,10.706
"875","HUN",1983,1.7,69.1,10.689
"876","HUN",1984,1.7,69.2,10.668
"877","HUN",1985,1.8,69.2,10.649
"878","HUN",1986,1.8,69.3,10.631
"879","HUN",1987,1.8,69.8,10.613
"880","HUN",1988,1.8,70.2,10.596
"881","HUN",1989,1.8,69.6,10.578
"882","HUN",1990,1.8,69.5,10.374
"883","HUN",1991,1.9,69.6,10.373
"884","HUN",1992,1.8,69.4,10.369
"885","HUN",1993,1.7,69.4,10.358
"886","HUN",1994,1.6,69.8,10.343
"887","HUN",1995,1.6,70.1,10.329
"888","HUN",1996,1.5,70.7,10.311
"889","HUN",1997,1.4,71.1,10.29
"890","HUN",1998,1.3,71.1,10.267
"891","HUN",1999,1.3,71.2,10.238
"892","HUN",2000,1.3,71.9,10.211
"893","HUN",2001,1.3,72.5,10.188
"894","HUN",2002,1.3,72.5,10.159
"895","HUN",2003,1.3,72.6,10.13
"896","HUN",2004,1.3,73,10.107
"897","HUN",2005,1.3,73,10.087
"898","HUN",2006,1.4,73.5,10.071
"899","HUN",2007,1.3,73.6,10.056
"900","HUN",2008,1.4,74.2,10.038
"901","HUN",2009,1.3,74.4,10.023
"902","HUN",2010,1.3,74.7,10
"903","HUN",2011,1.2,75,9.972
"904","HUN",2012,1.3,75.2,9.92
"905","HUN",2013,1.3,75.7,9.893
"906","HUN",2014,1.4,75.9,9.863
"907","IDN",1960,5.7,48.7,88.70762
"908","IDN",1961,5.7,49.3,90.85668
"909","IDN",1962,5.6,49.9,93.08653
"910","IDN",1963,5.6,50.5,95.40449
"911","IDN",1964,5.6,51.1,97.82113
"912","IDN",1965,5.6,51.7,100.3432
"913","IDN",1966,5.6,52.3,102.9184
"914","IDN",1967,5.6,52.8,105.5884
"915","IDN",1968,5.6,53.4,108.3459
"916","IDN",1969,5.5,54,111.1794
"917","IDN",1970,5.5,54.6,114.0802
"918","IDN",1971,5.4,55.1,116.9891
"919","IDN",1972,5.3,55.7,119.9551
"920","IDN",1973,5.3,56.2,122.9808
"921","IDN",1974,5.2,56.7,126.0701
"922","IDN",1975,5,57.3,129.2241
"923","IDN",1976,4.9,57.8,132.3799
"924","IDN",1977,4.8,58.3,135.5849
"925","IDN",1978,4.7,58.7,138.8407
"926","IDN",1979,4.6,59.2,142.1493
"927","IDN",1980,4.4,59.6,145.5103
"928","IDN",1981,4.3,60.1,148.8656
"929","IDN",1982,4.2,60.5,152.2624
"930","IDN",1983,4,60.9,155.6807
"931","IDN",1984,3.9,61.2,159.0928
"932","IDN",1985,3.7,61.6,162.4787
"933","IDN",1986,3.6,61.9,165.7661
"934","IDN",1987,3.5,62.3,169.0188
"935","IDN",1988,3.3,62.6,172.2445
"936","IDN",1989,3.2,62.9,175.4543
"937","IDN",1990,3.1,63.3,178.6332
"938","IDN",1991,3,63.7,181.7863
"939","IDN",1992,2.9,64,184.9168
"940","IDN",1993,2.8,64.4,188.0193
"941","IDN",1994,2.8,64.7,191.0857
"942","IDN",1995,2.7,65,194.1126
"943","IDN",1996,2.6,65.3,197.0979
"944","IDN",1997,2.6,65.6,200.0504
"945","IDN",1998,2.5,65.9,202.9909
"946","IDN",1999,2.5,66.1,205.9468
"947","IDN",2000,2.5,66.3,208.9387
"948","IDN",2001,2.5,66.5,211.9704
"949","IDN",2002,2.5,66.7,215.0383
"950","IDN",2003,2.5,66.8,218.1456
"951","IDN",2004,2.5,67,221.2938
"952","IDN",2005,2.5,67.2,224.4809
"953","IDN",2006,2.5,67.4,227.7098
"954","IDN",2007,2.5,67.6,230.9728
"955","IDN",2008,2.5,67.8,234.2435
"956","IDN",2009,2.5,68,237.4869
"957","IDN",2010,2.5,68.2,240.6765
"958","IDN",2011,2.5,68.4,243.8016
"959","IDN",2012,2.5,68.6,246.8642
"960","IDN",2013,2.4,68.8,249.8656
"961","IND",1960,5.9,41.2,449.5214
"962","IND",1961,5.9,41.8,458.496
"963","IND",1962,5.9,42.4,467.8056
"964","IND",1963,5.9,43,477.457
"965","IND",1964,5.9,43.7,487.4641
"966","IND",1965,5.8,44.3,497.8542
"967","IND",1966,5.8,45,508.4673
"968","IND",1967,5.8,45.7,519.47
"969","IND",1968,5.7,46.4,530.8898
"970","IND",1969,5.6,47,542.7511
"971","IND",1970,5.6,47.7,555.0637
"972","IND",1971,5.5,48.4,567.6116
"973","IND",1972,5.4,49.1,580.5688
"974","IND",1973,5.4,49.8,593.9493
"975","IND",1974,5.3,50.4,607.7719
"976","IND",1975,5.2,51.1,622.0544
"977","IND",1976,5.1,51.7,636.6017
"978","IND",1977,5,52.3,651.5868
"979","IND",1978,5,52.8,666.9718
"980","IND",1979,4.9,53.4,682.699
"981","IND",1980,4.8,53.9,698.7208
"982","IND",1981,4.8,54.3,714.7706
"983","IND",1982,4.7,54.7,731.0479
"984","IND",1983,4.6,55.1,747.5671
"985","IND",1984,4.6,55.5,764.3536
"986","IND",1985,4.5,55.9,781.4219
"987","IND",1986,4.4,56.2,798.4903
"988","IND",1987,4.3,56.6,815.7924
"989","IND",1988,4.2,57,833.2754
"990","IND",1989,4.1,57.5,850.8645
"991","IND",1990,4,58,868.8907
"992","IND",1991,4,58.4,886.3487
"993","IND",1992,3.9,59,903.7496
"994","IND",1993,3.8,59.5,921.1076
"995","IND",1994,3.7,60,938.4526
"996","IND",1995,3.7,60.5,955.8044
"997","IND",1996,3.6,60.9,973.1476
"998","IND",1997,3.5,61.4,990.4601
"999","IND",1998,3.4,61.8,1007.747
"1000","IND",1999,3.4,62.2,1025.015
"1001","IND",2000,3.3,62.7,1042.262
"1002","IND",2001,3.2,63,1059.501
"1003","IND",2002,3.2,63.4,1076.706
"1004","IND",2003,3.1,63.8,1093.787
"1005","IND",2004,3,64.2,1110.626
"1006","IND",2005,3,64.5,1127.144
"1007","IND",2006,2.9,64.9,1143.289
"1008","IND",2007,2.8,65.3,1159.095
"1009","IND",2008,2.7,65.7,1174.662
"1010","IND",2009,2.7,66.1,1190.138
"1011","IND",2010,2.6,66.5,1205.625
"1012","IND",2011,2.5,66.9,1221.156
"1013","IND",2012,2.5,67.3,1236.687
"1014","IND",2013,2.4,67.7,1252.14
"1015","IRL",1960,3.8,70,2.8321
"1016","IRL",1970,3.9,71.2,2.9499
"1017","IRL",1978,3.2,71.5,3.314
"1018","IRL",1979,3.2,72.3,3.3682
"1019","IRL",1980,3.2,72.9,3.401
"1020","IRL",1981,3.1,72.9,3.4434
"1021","IRL",1982,3,72.9,3.48
"1022","IRL",1985,2.5,73.4,3.54
"1023","IRL",1986,2.4,73.6,3.5406
"1024","IRL",1987,2.3,74.5,3.5465
"1025","IRL",1988,2.2,74.5,3.5307
"1026","IRL",1989,2.1,74.5,3.5095
"1027","IRL",1990,2.1,74.9,3.5058
"1028","IRL",1991,2.1,75.1,3.5257
"1029","IRL",1992,2,75.5,3.5545
"1030","IRL",1993,1.9,75.3,3.5741
"1031","IRL",1994,1.9,75.9,3.5859
"1032","IRL",1995,1.9,75.6,3.6013
"1033","IRL",1996,1.9,75.9,3.6261
"1034","IRL",1997,1.9,76.1,3.6643
"1035","IRL",1998,2,76.3,3.7031
"1036","IRL",1999,1.9,76.2,3.7416
"1037","IRL",2000,1.9,76.6,3.7895
"1038","IRL",2001,2,77.2,3.8472
"1039","IRL",2002,2,77.7,3.9172
"1040","IRL",2003,2,78.2,3.9799
"1041","IRL",2004,2,78.6,4.0452
"1042","IRL",2005,1.9,79,4.1338
"1043","IRL",2006,1.9,79.3,4.2329
"1044","IRL",2007,2,79.7,4.3758
"1045","IRL",2008,2.1,80.2,4.4851
"1046","IRL",2009,2.1,80.3,4.5334
"1047","IRL",2010,2.1,80.8,4.5548
"1048","IRL",2011,2,80.8,4.5749
"1049","IRL",2012,2,80.9,4.5854
"1050","IRL",2013,2,81,4.5931
"1051","IRL",2014,2,81.4,4.6099
"1052","ISL",1961,3.9,73.6,0.1789
"1053","ISL",1962,4,73.8,0.1821
"1054","ISL",1963,4,73.2,0.1855
"1055","ISL",1964,3.9,73.6,0.1888
"1056","ISL",1965,3.7,73.9,0.1923
"1057","ISL",1966,3.6,73.4,0.1956
"1058","ISL",1967,3.3,73.9,0.1988
"1059","ISL",1968,3.1,74.1,0.2015
"1060","ISL",1969,3,73.8,0.2034
"1061","ISL",1970,2.8,74,0.2045
"1062","ISL",1971,2.9,73.7,0.2062
"1063","ISL",1972,3.1,74.5,0.2092
"1064","ISL",1973,2.9,74.6,0.2123
"1065","ISL",1974,2.7,74.6,0.2152
"1066","ISL",1975,2.6,75.7,0.218
"1067","ISL",1976,2.5,77.1,0.2202
"1068","ISL",1977,2.3,76.5,0.2218
"1069","ISL",1978,2.3,76.7,0.2235
"1070","ISL",1980,2.5,77,0.2281
"1071","ISL",1981,2.3,76.6,0.2308
"1072","ISL",1982,2.3,77.1,0.234
"1073","ISL",1983,2.2,77,0.237
"1074","ISL",1984,2.1,77.7,0.2395
"1075","ISL",1985,1.9,77.7,0.2414
"1076","ISL",1986,1.9,78.1,0.2432
"1077","ISL",1987,2.1,77.4,0.246
"1078","ISL",1988,2.3,77.2,0.2499
"1079","ISL",1989,2.2,78.2,0.2527
"1080","ISL",1990,2.3,78.1,0.2548
"1081","ISL",1991,2.2,78.1,0.258
"1082","ISL",1992,2.2,78.8,0.2611
"1083","ISL",1993,2.2,79,0.2638
"1084","ISL",1994,2.1,79.3,0.266
"1085","ISL",1995,2.1,78.1,0.2674
"1086","ISL",1996,2.1,78.9,0.2689
"1087","ISL",1997,2,79,0.2709
"1088","ISL",1998,2,79.7,0.2738
"1089","ISL",1999,2,79.4,0.2772
"1090","ISL",2000,2.1,79.7,0.2812
"1091","ISL",2001,1.9,80.8,0.285054
"1092","ISL",2002,1.9,80.6,0.287559
"1093","ISL",2003,2,81,0.289272
"1094","ISL",2004,2,81.1,0.292587
"1095","ISL",2005,2.1,81.6,0.295864
"1096","ISL",2006,2.1,81.2,0.304334
"1097","ISL",2007,2.1,81.5,0.311396
"1098","ISL",2008,2.1,81.7,0.319355
"1099","ISL",2009,2.2,81.8,0.319246
"1100","ISL",2010,2.2,82,0.318006
"1101","ISL",2011,2,82.4,0.319014
"1102","ISL",2012,2,83,0.320716
"1103","ISL",2013,1.9,82.1,0.323764
"1104","ISL",2014,1.9,82.9,0.3273855
"1105","ISR",1971,3.9,71.8,3.0951
"1106","ISR",1972,3.7,71.5,3.225
"1107","ISR",1973,3.7,71.7,3.3382
"1108","ISR",1974,3.7,71.7,3.4216
"1109","ISR",1975,3.7,72.1,3.4932
"1110","ISR",1976,3.7,73,3.5754
"1111","ISR",1977,3.5,73,3.6532
"1112","ISR",1978,3.3,73.3,3.7376
"1113","ISR",1979,3.2,73.6,3.8363
"1114","ISR",1980,3.1,73.9,3.9217
"1115","ISR",1981,3.1,74.3,3.9498
"1116","ISR",1982,3.1,74.2,4.0207
"1117","ISR",1983,3.2,74.5,4.1061
"1118","ISR",1984,3.1,74.9,4.1591
"1119","ISR",1985,3.1,75.3,4.233
"1120","ISR",1986,3.1,75,4.2988
"1121","ISR",1987,3.1,75.3,4.3689
"1122","ISR",1988,3.1,75.7,4.4417
"1123","ISR",1989,3,76.4,4.5182
"1124","ISR",1990,3,76.7,4.6602
"1125","ISR",1991,2.9,76.8,4.9491
"1126","ISR",1992,2.9,76.6,5.1235
"1127","ISR",1993,2.9,77.2,5.2614
"1128","ISR",1994,2.9,77.5,5.3993
"1129","ISR",1995,2.9,77.5,5.5449
"1130","ISR",1996,2.9,78.2,5.6851
"1131","ISR",1997,2.9,78.1,5.8289
"1132","ISR",1998,3,78.2,5.9707
"1133","ISR",1999,2.9,78.5,6.1253
"1134","ISR",2000,3,78.8,6.2892
"1135","ISR",2001,2.9,79.3,6.439
"1136","ISR",2002,2.9,79.5,6.57
"1137","ISR",2003,3,79.7,6.6897
"1138","ISR",2004,2.9,80.2,6.809
"1139","ISR",2005,2.8,80.2,6.9301
"1140","ISR",2006,2.9,80.6,7.0537
"1141","ISR",2007,2.9,80.6,7.1801
"1142","ISR",2008,3,81,7.3088
"1143","ISR",2009,3,81.5,7.4856
"1144","ISR",2010,3,81.7,7.6236
"1145","ISR",2011,3,81.7,7.7658
"1146","ISR",2012,3.1,81.8,7.9105
"1147","ISR",2013,3,82.1,8.059
"1148","ITA",1961,2.4,69.8,49.156
"1149","ITA",1971,2.4,72,53.124
"1150","ITA",1974,2.3,72.6,54.39
"1151","ITA",1975,2.2,72.7,54.764
"1152","ITA",1976,2.1,72.8,55.07
"1153","ITA",1977,2,73.4,55.266
"1154","ITA",1978,1.9,73.8,55.446
"1155","ITA",1979,1.8,74.1,55.602
"1156","ITA",1980,1.7,74,55.657
"1157","ITA",1981,1.6,74.3,55.774
"1158","ITA",1982,1.6,74.7,55.995
"1159","ITA",1983,1.5,74.8,56.228
"1160","ITA",1984,1.5,75,56.344
"1161","ITA",1985,1.4,75.6,56.498
"1162","ITA",1986,1.4,75.9,56.576
"1163","ITA",1987,1.4,76.3,56.664
"1164","ITA",1988,1.4,76.5,56.763
"1165","ITA",1989,1.3,76.9,56.837
"1166","ITA",1990,1.4,77.1,56.737
"1167","ITA",1991,1.3,77.1,56.76
"1168","ITA",1992,1.3,77.5,56.859
"1169","ITA",1993,1.3,77.8,56.44193
"1170","ITA",1994,1.2,78,56.62339
"1171","ITA",1995,1.2,78.3,56.74459
"1172","ITA",1996,1.2,78.6,56.82645
"1173","ITA",1997,1.2,78.9,56.94104
"1174","ITA",1998,1.2,79.1,57.04037
"1175","ITA",1999,1.2,79.5,57.078
"1176","ITA",2000,1.3,79.9,57.189
"1177","ITA",2001,1.3,80.2,57.348
"1178","ITA",2002,1.3,80.3,57.474
"1179","ITA",2003,1.3,80.1,57.478
"1180","ITA",2004,1.3,80.9,57.29746
"1181","ITA",2005,1.3,80.9,57.71593
"1182","ITA",2006,1.4,81.4,57.98418
"1183","ITA",2007,1.4,81.5,58.27189
"1184","ITA",2008,1.4,81.6,58.73968
"1185","ITA",2009,1.4,81.7,59.14009
"1186","ITA",2010,1.4,82.1,59.41965
"1187","ITA",2011,1.4,82.3,59.65969
"1188","ITA",2012,1.4,82.3,59.89803
"1189","ITA",2013,1.4,82.8,60.22473
"1190","ITA",2014,1.4,83.2,60.44791
"1191","JPN",1960,2,67.8,93.419
"1192","JPN",1961,2,68.4,94.285
"1193","JPN",1962,2,68.7,95.178
"1194","JPN",1963,2,69.8,96.156
"1195","JPN",1964,2.1,70.3,97.186
"1196","JPN",1965,2.1,70.3,98.275
"1197","JPN",1966,1.6,71,99.054
"1198","JPN",1967,2.2,71.5,100.243
"1199","JPN",1968,2.1,71.7,101.408
"1200","JPN",1969,2.1,71.9,102.648
"1201","JPN",1970,2.1,72,103.72
"1202","JPN",1971,2.2,72.9,105.014
"1203","JPN",1972,2.1,73.2,107.332
"1204","JPN",1973,2.1,73.4,108.71
"1205","JPN",1974,2.1,73.7,110.049
"1206","JPN",1975,1.9,74.3,111.94
"1207","JPN",1976,1.9,74.8,113.089
"1208","JPN",1977,1.8,75.3,114.154
"1209","JPN",1978,1.8,75.7,115.174
"1210","JPN",1979,1.8,76.2,116.133
"1211","JPN",1980,1.8,76.1,117.06
"1212","JPN",1981,1.7,76.5,117.884
"1213","JPN",1982,1.8,76.9,118.693
"1214","JPN",1983,1.8,77,119.483
"1215","JPN",1984,1.8,77.4,120.235
"1216","JPN",1985,1.8,77.6,121.049
"1217","JPN",1986,1.7,78.1,121.672
"1218","JPN",1987,1.7,78.5,122.264
"1219","JPN",1988,1.7,78.4,122.783
"1220","JPN",1989,1.6,78.8,123.255
"1221","JPN",1990,1.5,78.9,123.611
"1222","JPN",1991,1.5,79.1,124.043
"1223","JPN",1992,1.5,79.2,124.452
"1224","JPN",1993,1.5,79.4,124.764
"1225","JPN",1994,1.5,79.8,125.034
"1226","JPN",1995,1.4,79.6,125.57
"1227","JPN",1996,1.4,80.3,125.864
"1228","JPN",1997,1.4,80.5,126.166
"1229","JPN",1998,1.4,80.6,126.4864
"1230","JPN",1999,1.3,80.5,126.686
"1231","JPN",2000,1.4,81.2,126.926
"1232","JPN",2001,1.3,81.5,127.291
"1233","JPN",2002,1.3,81.8,127.435
"1234","JPN",2003,1.3,81.8,127.619
"1235","JPN",2004,1.3,82.1,127.687
"1236","JPN",2005,1.3,82,127.768
"1237","JPN",2006,1.3,82.4,127.77
"1238","JPN",2007,1.3,82.6,127.771
"1239","JPN",2008,1.4,82.7,127.692
"1240","JPN",2009,1.4,83,127.51
"1241","JPN",2010,1.4,82.9,128.057
"1242","JPN",2011,1.4,82.7,127.799
"1243","JPN",2012,1.4,83.2,127.515
"1244","JPN",2013,1.4,83.4,127.298
"1245","KOR",1970,4.5,62.3,32.24083
"1246","KOR",1971,4.5,62.7,32.8827
"1247","KOR",1972,4.1,63.1,33.50541
"1248","KOR",1973,4.1,63.5,34.10315
"1249","KOR",1974,3.8,63.9,34.69227
"1250","KOR",1975,3.4,64.3,35.28073
"1251","KOR",1976,3,64.6,35.84852
"1252","KOR",1977,3,65,36.4118
"1253","KOR",1978,2.6,65.3,36.96918
"1254","KOR",1979,2.9,65.6,37.53423
"1255","KOR",1980,2.8,66.1,38.12377
"1256","KOR",1981,2.6,66.7,38.72325
"1257","KOR",1982,2.4,67.2,39.32635
"1258","KOR",1983,2.1,67.7,39.9104
"1259","KOR",1984,1.7,68.3,40.40596
"1260","KOR",1985,1.7,68.9,40.80574
"1261","KOR",1986,1.6,69.5,41.21368
"1262","KOR",1987,1.5,70.1,41.62169
"1263","KOR",1988,1.6,70.7,42.03125
"1264","KOR",1989,1.6,71.2,42.44904
"1265","KOR",1990,1.6,71.7,42.86928
"1266","KOR",1991,1.7,72.2,43.2957
"1267","KOR",1992,1.8,72.6,43.74796
"1268","KOR",1993,1.7,73.1,44.19463
"1269","KOR",1994,1.7,73.5,44.64154
"1270","KOR",1995,1.6,73.8,45.09299
"1271","KOR",1996,1.6,74.2,45.52468
"1272","KOR",1997,1.5,74.7,45.95358
"1273","KOR",1998,1.4,75.1,46.2865
"1274","KOR",1999,1.4,75.5,46.61668
"1275","KOR",2000,1.5,76,47.00811
"1276","KOR",2001,1.3,76.5,47.35736
"1277","KOR",2002,1.2,76.8,47.62218
"1278","KOR",2003,1.2,77.3,47.85931
"1279","KOR",2004,1.2,77.8,48.03941
"1280","KOR",2005,1.1,78.2,48.13808
"1281","KOR",2006,1.1,78.8,48.37195
"1282","KOR",2007,1.3,79.2,48.59765
"1283","KOR",2008,1.2,79.6,48.9487
"1284","KOR",2009,1.1,80,49.18204
"1285","KOR",2010,1.2,80.2,49.41037
"1286","KOR",2011,1.2,80.6,49.77944
"1287","KOR",2012,1.3,80.9,50.00444
"1288","KOR",2013,1.2,81.4,50.22
"1289","KOR",2014,1.2,81.8,50.424
"1290","LUX",1960,2.3,69.4,0.313969
"1291","LUX",1971,2,69.7,0.34242
"1292","LUX",1972,1.8,70.9,0.3466
"1293","LUX",1973,1.6,70.8,0.35045
"1294","LUX",1974,1.6,70.8,0.35505
"1295","LUX",1975,1.6,70.8,0.35895
"1296","LUX",1976,1.5,70.8,0.360731
"1297","LUX",1977,1.5,72.2,0.361357
"1298","LUX",1978,1.5,72.1,0.362007
"1299","LUX",1979,1.5,72.8,0.362855
"1300","LUX",1980,1.5,72.8,0.36415
"1301","LUX",1981,1.6,72.6,0.365225
"1302","LUX",1982,1.5,72.7,0.365525
"1303","LUX",1983,1.4,73.5,0.365622
"1304","LUX",1984,1.4,73.3,0.365998
"1305","LUX",1985,1.4,73.8,0.366706
"1306","LUX",1986,1.4,74.7,0.368355
"1307","LUX",1987,1.4,74.3,0.37075
"1308","LUX",1988,1.5,75,0.37345
"1309","LUX",1989,1.5,74.8,0.3771
"1310","LUX",1990,1.6,75.6,0.38185
"1311","LUX",1991,1.6,75.7,0.387
"1312","LUX",1992,1.7,75.3,0.392175
"1313","LUX",1993,1.7,75.9,0.397475
"1314","LUX",1994,1.7,76.6,0.402925
"1315","LUX",1995,1.7,76.8,0.408625
"1316","LUX",1996,1.8,76.8,0.414225
"1317","LUX",1997,1.7,77,0.41945
"1318","LUX",1998,1.7,77.3,0.4247
"1319","LUX",1999,1.7,77.9,0.430475
"1320","LUX",2000,1.8,78,0.4363
"1321","LUX",2001,1.7,77.9,0.4415
"1322","LUX",2002,1.6,78.1,0.4462
"1323","LUX",2003,1.6,77.8,0.45
"1324","LUX",2004,1.7,79.2,0.455
"1325","LUX",2005,1.6,79.5,0.4612
"1326","LUX",2006,1.6,79.4,0.4691
"1327","LUX",2007,1.6,79.5,0.4762
"1328","LUX",2008,1.6,80.6,0.4838
"1329","LUX",2009,1.6,80.7,0.4935
"1330","LUX",2010,1.6,80.7,0.5021
"1331","LUX",2011,1.5,81.1,0.5118
"1332","LUX",2012,1.6,81.5,0.5249
"1333","LUX",2013,1.6,81.9,0.537
"1334","LUX",2014,1.5,82.3,0.5497
"1335","LVA",2002,1.3,70.1,2.31
"1336","LVA",2003,1.3,70.5,2.288
"1337","LVA",2004,1.3,70.8,2.263
"1338","LVA",2005,1.4,70.6,2.239
"1339","LVA",2006,1.5,70.6,2.218
"1340","LVA",2007,1.5,70.8,2.2
"1341","LVA",2008,1.6,72,2.177
"1342","LVA",2009,1.5,72.6,2.142
"1343","LVA",2010,1.4,73,2.098
"1344","LVA",2011,1.3,73.7,2.06
"1345","LVA",2012,1.4,73.9,2.034
"1346","MEX",1970,6.7,60.9,50.78524
"1347","MEX",1971,6.6,62.4,52.34549
"1348","MEX",1972,6.5,63.1,53.94499
"1349","MEX",1973,6.4,63.7,55.57468
"1350","MEX",1974,6.2,64.2,57.2322
"1351","MEX",1975,5.9,64.7,58.9102
"1352","MEX",1976,5.7,65.2,60.60077
"1353","MEX",1977,5.4,65.7,62.29748
"1354","MEX",1978,5.2,66.1,63.99456
"1355","MEX",1979,4.9,66.6,65.68927
"1356","MEX",1980,4.7,67.2,67.38423
"1357","MEX",1981,4.5,67.7,69.08197
"1358","MEX",1982,4.3,68.2,70.78277
"1359","MEX",1983,4.2,68.6,72.47754
"1360","MEX",1984,4,69.1,74.15733
"1361","MEX",1985,3.9,69.5,75.82015
"1362","MEX",1986,3.8,69.9,77.46854
"1363","MEX",1987,3.7,70.2,79.10466
"1364","MEX",1988,3.6,70.6,80.73296
"1365","MEX",1989,3.5,70.8,82.35509
"1366","MEX",1990,3.4,70.5,83.97102
"1367","MEX",1991,3.3,70.9,85.58334
"1368","MEX",1992,3.2,71.3,87.18483
"1369","MEX",1993,3.1,71.7,88.75202
"1370","MEX",1994,3,72,90.26577
"1371","MEX",1995,3,72.3,91.72453
"1372","MEX",1996,2.9,72.5,93.13009
"1373","MEX",1997,2.8,72.8,94.47805
"1374","MEX",1998,2.8,73,95.79013
"1375","MEX",1999,2.7,73.2,97.11483
"1376","MEX",2000,2.6,73.3,98.43855
"1377","MEX",2001,2.6,73.5,99.71552
"1378","MEX",2002,2.6,73.6,100.9094
"1379","MEX",2003,2.5,73.8,101.9996
"1380","MEX",2004,2.5,73.9,103.0019
"1381","MEX",2005,2.5,74,107.151
"1382","MEX",2006,2.4,74.1,108.4088
"1383","MEX",2007,2.4,74.2,109.7874
"1384","MEX",2008,2.3,74.1,111.299
"1385","MEX",2009,2.3,74,112.8526
"1386","MEX",2010,2.3,74.1,114.2556
"1387","MEX",2011,2.3,74.2,115.6829
"1388","MEX",2012,2.2,74.4,117.0538
"1389","MEX",2013,2.2,74.6,118.3951
"1390","MEX",2014,2.2,74.8,119.713
"1391","NLD",1960,3.1,73.5,11.48663
"1392","NLD",1961,3.2,73.8,11.63871
"1393","NLD",1962,3.2,73.4,11.80569
"1394","NLD",1963,3.2,73.4,11.96597
"1395","NLD",1964,3.2,73.8,12.12712
"1396","NLD",1965,3,73.6,12.29473
"1397","NLD",1966,2.9,73.6,12.45625
"1398","NLD",1967,2.8,73.9,12.5982
"1399","NLD",1968,2.7,73.7,12.72972
"1400","NLD",1969,2.7,73.6,12.87798
"1401","NLD",1970,2.6,73.7,13.03853
"1402","NLD",1971,2.4,73.9,13.1945
"1403","NLD",1972,2.2,73.8,13.32859
"1404","NLD",1973,1.9,74.2,13.43932
"1405","NLD",1974,1.8,74.6,13.54506
"1406","NLD",1975,1.7,74.6,13.66633
"1407","NLD",1976,1.6,74.7,13.77404
"1408","NLD",1977,1.6,75.3,13.85618
"1409","NLD",1978,1.6,75.3,13.9417
"1410","NLD",1979,1.6,75.7,14.03827
"1411","NLD",1980,1.6,75.9,14.1498
"1412","NLD",1981,1.6,76,14.24721
"1413","NLD",1982,1.5,76.1,14.31269
"1414","NLD",1983,1.5,76.3,14.36707
"1415","NLD",1984,1.5,76.4,14.42421
"1416","NLD",1985,1.5,76.5,14.49163
"1417","NLD",1986,1.6,76.4,14.57228
"1418","NLD",1987,1.6,76.9,14.66504
"1419","NLD",1988,1.5,77.1,14.76009
"1420","NLD",1989,1.6,76.9,14.84891
"1421","NLD",1990,1.6,77,14.95151
"1422","NLD",1991,1.6,77.2,15.0698
"1423","NLD",1992,1.6,77.4,15.18417
"1424","NLD",1993,1.6,77.1,15.29037
"1425","NLD",1994,1.6,77.5,15.38284
"1426","NLD",1995,1.5,77.6,15.45901
"1427","NLD",1996,1.5,77.6,15.5305
"1428","NLD",1997,1.6,78,15.61065
"1429","NLD",1998,1.6,78,15.70721
"1430","NLD",1999,1.7,77.9,15.81209
"1431","NLD",2000,1.7,78.2,15.92551
"1432","NLD",2001,1.7,78.3,16.04618
"1433","NLD",2002,1.7,78.4,16.14893
"1434","NLD",2003,1.7,78.7,16.2253
"1435","NLD",2004,1.7,79.2,16.28178
"1436","NLD",2005,1.7,79.5,16.31987
"1437","NLD",2006,1.7,79.9,16.3461
"1438","NLD",2007,1.7,80.3,16.3817
"1439","NLD",2008,1.8,80.5,16.44559
"1440","NLD",2009,1.8,80.8,16.53039
"1441","NLD",2010,1.8,81,16.61539
"1442","NLD",2011,1.8,81.3,16.69307
"1443","NLD",2012,1.7,81.2,16.75496
"1444","NLD",2013,1.7,81.4,16.80443
"1445","NOR",1960,2.9,73.8,3.585
"1446","NOR",1961,2.9,73.8,3.615
"1447","NOR",1962,2.9,73.7,3.639
"1448","NOR",1963,2.9,73.4,3.667
"1449","NOR",1964,3,73.9,3.694
"1450","NOR",1965,2.9,74,3.723
"1451","NOR",1966,2.9,74.3,3.753
"1452","NOR",1967,2.8,74.3,3.785
"1453","NOR",1968,2.8,74.2,3.819
"1454","NOR",1969,2.7,74,3.851
"1455","NOR",1970,2.5,74.4,3.879
"1456","NOR",1971,2.5,74.4,3.903
"1457","NOR",1972,2.4,74.6,3.933
"1458","NOR",1973,2.2,74.7,3.961
"1459","NOR",1974,2.1,75.1,3.985
"1460","NOR",1975,2,75.1,4.007
"1461","NOR",1976,1.9,75.3,4.026
"1462","NOR",1977,1.8,75.7,4.043
"1463","NOR",1978,1.8,75.8,4.059
"1464","NOR",1979,1.8,75.8,4.073
"1465","NOR",1980,1.7,75.9,4.086
"1466","NOR",1981,1.7,76.1,4.1
"1467","NOR",1982,1.7,76.2,4.115
"1468","NOR",1983,1.7,76.3,4.128
"1469","NOR",1984,1.7,76.4,4.14
"1470","NOR",1985,1.7,76.1,4.153
"1471","NOR",1986,1.7,76.5,4.169
"1472","NOR",1987,1.7,76.3,4.187
"1473","NOR",1988,1.8,76.4,4.209
"1474","NOR",1989,1.9,76.7,4.227
"1475","NOR",1990,1.9,76.7,4.241
"1476","NOR",1991,1.9,77.1,4.262
"1477","NOR",1992,1.9,77.4,4.287
"1478","NOR",1993,1.9,77.3,4.312
"1479","NOR",1994,1.9,77.9,4.337
"1480","NOR",1995,1.9,77.9,4.358979
"1481","NOR",1996,1.9,78.3,4.381335
"1482","NOR",1997,1.9,78.3,4.405157
"1483","NOR",1998,1.8,78.5,4.431464
"1484","NOR",1999,1.8,78.4,4.462
"1485","NOR",2000,1.9,78.8,4.491
"1486","NOR",2001,1.8,78.9,4.514
"1487","NOR",2002,1.8,79,4.538
"1488","NOR",2003,1.8,79.6,4.564
"1489","NOR",2004,1.8,80.1,4.59191
"1490","NOR",2005,1.8,80.3,4.623291
"1491","NOR",2006,1.9,80.6,4.661
"1492","NOR",2007,1.9,80.6,4.709
"1493","NOR",2008,2,80.8,4.768
"1494","NOR",2009,2,81,4.828726
"1495","NOR",2010,1.9,81.2,4.889
"1496","NOR",2011,1.9,81.4,4.953
"1497","NOR",2012,1.9,81.5,5.019
"1498","NOR",2013,1.8,81.8,5.08
"1499","NOR",2014,1.8,82.2,5.137
"1500","NZL",1961,4.3,71.1,2.427
"1501","NZL",1962,4.2,71.2,2.485
"1502","NZL",1963,4.1,71.2,2.537
"1503","NZL",1964,3.8,71.2,2.589
"1504","NZL",1965,3.5,71.2,2.635
"1505","NZL",1966,3.4,71.3,2.683
"1506","NZL",1967,3.3,71.4,2.728
"1507","NZL",1968,3.3,71.4,2.754
"1508","NZL",1969,3.3,71.5,2.78
"1509","NZL",1970,3.2,71.5,2.82
"1510","NZL",1971,3.2,71.6,2.864
"1511","NZL",1972,3,71.7,2.913
"1512","NZL",1973,2.8,71.8,2.971
"1513","NZL",1974,2.6,72,3.032
"1514","NZL",1975,2.4,72.1,3.087
"1515","NZL",1976,2.3,72.3,3.116
"1516","NZL",1977,2.2,72.5,3.128
"1517","NZL",1978,2.1,72.7,3.129
"1518","NZL",1979,2.1,72.9,3.124
"1519","NZL",1980,2,73.2,3.144
"1520","NZL",1981,2,73.4,3.157
"1521","NZL",1982,1.9,73.6,3.183
"1522","NZL",1983,1.9,73.7,3.226
"1523","NZL",1984,1.9,73.8,3.258
"1524","NZL",1985,1.9,74,3.272
"1525","NZL",1986,2,74.1,3.277
"1526","NZL",1987,2,74.5,3.304
"1527","NZL",1988,2.1,74.8,3.317
"1528","NZL",1989,2.1,75.2,3.33
"1529","NZL",1990,2.2,75.5,3.363
"1530","NZL",1991,2.1,75.8,3.4951
"1531","NZL",1992,2.1,76.1,3.5317
"1532","NZL",1993,2,76.3,3.5722
"1533","NZL",1994,2,76.6,3.62
"1534","NZL",1995,2,76.8,3.6734
"1535","NZL",1996,2,77.1,3.732
"1536","NZL",1997,2,77.4,3.7813
"1537","NZL",1998,1.9,77.7,3.815
"1538","NZL",1999,2,78.1,3.8351
"1539","NZL",2000,2,78.4,3.8577
"1540","NZL",2001,2,78.7,3.8805
"1541","NZL",2002,1.9,79,3.9485
"1542","NZL",2003,1.9,79.3,4.0272
"1543","NZL",2004,2,79.6,4.0875
"1544","NZL",2005,2,79.8,4.1339
"1545","NZL",2006,2,80.1,4.1846
"1546","NZL",2007,2.2,80.3,4.2238
"1547","NZL",2008,2.2,80.5,4.2598
"1548","NZL",2009,2.1,80.7,4.3026
"1549","NZL",2010,2.2,80.8,4.3507
"1550","NZL",2011,2.1,81,4.384
"1551","NZL",2012,2.1,81.2,4.4081
"1552","NZL",2013,2,81.4,4.4421
"1553","NZL",2014,1.9,81.5,4.5097
"1554","POL",1960,3,67.8,29.561
"1555","POL",1961,2.8,67.8,29.965
"1556","POL",1962,2.7,67.5,30.324
"1557","POL",1963,2.7,68.5,30.691
"1558","POL",1964,2.6,68.7,31.161
"1559","POL",1965,2.5,69.5,31.496
"1560","POL",1966,2.3,69.9,31.698
"1561","POL",1967,2.3,69.5,31.944
"1562","POL",1968,2.2,70.3,32.305
"1563","POL",1969,2.2,69.8,32.555
"1564","POL",1970,2.2,70,32.526
"1565","POL",1971,2.3,69.7,32.805
"1566","POL",1972,2.2,70.7,33.068
"1567","POL",1973,2.3,70.7,33.363
"1568","POL",1974,2.3,71.2,33.691
"1569","POL",1975,2.3,70.6,34.022
"1570","POL",1976,2.3,70.7,34.362
"1571","POL",1977,2.2,70.5,34.698
"1572","POL",1978,2.2,70.4,35.01
"1573","POL",1979,2.3,70.9,35.257
"1574","POL",1980,2.3,70.2,35.578
"1575","POL",1981,2.2,71.2,35.902
"1576","POL",1982,2.3,71.2,36.227
"1577","POL",1983,2.4,71.1,36.571
"1578","POL",1984,2.4,70.9,36.914
"1579","POL",1985,2.3,71.1,37.203
"1580","POL",1986,2.2,71,37.456
"1581","POL",1987,2.2,71.5,37.664
"1582","POL",1988,2.1,71.5,37.862
"1583","POL",1989,2.1,71.2,37.937
"1584","POL",1990,2,70.8,38.031
"1585","POL",1991,2,70.5,38.109
"1586","POL",1992,1.9,71.1,38.173
"1587","POL",1993,1.8,71.6,38.221
"1588","POL",1994,1.7,71.8,38.252
"1589","POL",1995,1.5,72.1,38.275
"1590","POL",1996,1.5,72.4,38.289
"1591","POL",1997,1.5,72.8,38.292
"1592","POL",1998,1.4,73.2,38.283
"1593","POL",1999,1.4,73.2,38.27
"1594","POL",2000,1.4,73.8,38.256
"1595","POL",2001,1.3,74.2,38.251
"1596","POL",2002,1.2,74.6,38.232
"1597","POL",2003,1.2,74.7,38.195
"1598","POL",2004,1.2,74.9,38.18
"1599","POL",2005,1.2,75.1,38.161
"1600","POL",2006,1.3,75.3,38.132
"1601","POL",2007,1.3,75.4,38.116
"1602","POL",2008,1.4,75.7,38.116
"1603","POL",2009,1.4,75.8,38.153
"1604","POL",2010,1.4,76.5,38.517
"1605","POL",2011,1.3,76.8,38.526
"1606","POL",2012,1.3,76.9,38.534
"1607","POL",2013,1.3,77.1,38.502
"1608","POL",2014,1.3,77.7,38.484
"1609","PRT",1960,3.1,63.9,8.857716
"1610","PRT",1961,3.2,62.7,8.929316
"1611","PRT",1962,3.2,64.1,8.993985
"1612","PRT",1963,3.1,64.7,9.030355
"1613","PRT",1964,3.2,64.9,9.035365
"1614","PRT",1965,3.1,65.8,8.998595
"1615","PRT",1966,3.1,65.2,8.93099
"1616","PRT",1967,3.1,66,8.87452
"1617","PRT",1968,3,66.4,8.83665
"1618","PRT",1969,3,65.9,8.757705
"1619","PRT",1970,2.8,66.7,8.680431
"1620","PRT",1971,2.8,66.4,8.643756
"1621","PRT",1972,2.7,68.4,8.63043
"1622","PRT",1973,2.7,67.5,8.6331
"1623","PRT",1974,2.6,68.1,8.754365
"1624","PRT",1975,2.6,68.4,9.09347
"1625","PRT",1976,2.6,69,9.35581
"1626","PRT",1977,2.5,70.1,9.455675
"1627","PRT",1978,2.3,70.5,9.55825
"1628","PRT",1979,2.2,71.3,9.661265
"1629","PRT",1980,2.2,71.4,9.766312
"1630","PRT",1981,2.1,71.7,9.851362
"1631","PRT",1982,2.1,72.5,9.91177
"1632","PRT",1983,2,72.4,9.957865
"1633","PRT",1984,1.9,72.7,9.996232
"1634","PRT",1985,1.7,73,10.02361
"1635","PRT",1986,1.7,73.4,10.03273
"1636","PRT",1987,1.6,73.8,10.03003
"1637","PRT",1988,1.6,73.8,10.01961
"1638","PRT",1989,1.6,74.4,10.005
"1639","PRT",1990,1.6,74.1,9.983218
"1640","PRT",1991,1.6,74.1,9.960235
"1641","PRT",1992,1.5,74.7,9.952493
"1642","PRT",1993,1.5,74.6,9.964674
"1643","PRT",1994,1.4,75.5,9.991525
"1644","PRT",1995,1.4,75.4,10.02618
"1645","PRT",1996,1.4,75.3,10.06394
"1646","PRT",1997,1.5,75.8,10.10898
"1647","PRT",1998,1.5,76,10.1602
"1648","PRT",1999,1.5,76.3,10.21783
"1649","PRT",2000,1.6,76.9,10.2899
"1650","PRT",2001,1.5,77.2,10.36272
"1651","PRT",2002,1.5,77.4,10.41963
"1652","PRT",2003,1.4,77.5,10.45882
"1653","PRT",2004,1.4,78.4,10.48386
"1654","PRT",2005,1.4,78.2,10.50333
"1655","PRT",2006,1.4,79,10.52229
"1656","PRT",2007,1.4,79.2,10.54296
"1657","PRT",2008,1.4,79.5,10.55818
"1658","PRT",2009,1.4,79.7,10.56825
"1659","PRT",2010,1.4,80,10.5731
"1660","PRT",2011,1.4,80.6,10.55756
"1661","PRT",2012,1.3,80.5,10.51484
"1662","PRT",2013,1.2,80.8,10.45729
"1663","RUS",1960,2.5,66.2,119.9057
"1664","RUS",1961,2.5,66.7,121.469
"1665","RUS",1962,2.4,67.1,122.9705
"1666","RUS",1963,2.3,67.4,124.3766
"1667","RUS",1964,2.2,67.7,125.6448
"1668","RUS",1965,2.1,67.8,126.7491
"1669","RUS",1966,2.1,67.9,127.6746
"1670","RUS",1967,2,68,128.4414
"1671","RUS",1968,2,68,129.103
"1672","RUS",1969,2,68,129.7342
"1673","RUS",1970,2,68.3,130.3918
"1674","RUS",1971,2,68.5,131.0955
"1675","RUS",1972,2.1,68.4,131.838
"1676","RUS",1973,2,68.4,132.6161
"1677","RUS",1974,2,68.5,133.4172
"1678","RUS",1975,2,67.9,134.2325
"1679","RUS",1976,2,67.6,135.0639
"1680","RUS",1977,2,67.5,135.9192
"1681","RUS",1978,1.9,67.5,136.8013
"1682","RUS",1979,1.9,67.3,137.7131
"1683","RUS",1980,1.9,67.2,138.6554
"1684","RUS",1981,1.9,67.4,139.6195
"1685","RUS",1982,2,67.9,140.5983
"1686","RUS",1983,2,67.8,141.5939
"1687","RUS",1984,2.1,67.3,142.6098
"1688","RUS",1985,2.1,68,143.033
"1689","RUS",1986,2.1,69.5,144.23
"1690","RUS",1987,2.2,69.6,145.461
"1691","RUS",1988,2.1,69.6,146.494
"1692","RUS",1989,2,69.3,147.332
"1693","RUS",1990,1.9,69,147.969
"1694","RUS",1991,1.7,68.8,148.394
"1695","RUS",1992,1.5,67.8,148.538
"1696","RUS",1993,1.4,65.3,148.459
"1697","RUS",1994,1.4,64.3,148.408
"1698","RUS",1995,1.3,64.9,148.376
"1699","RUS",1996,1.3,66,148.16
"1700","RUS",1997,1.2,66.8,147.915
"1701","RUS",1998,1.2,67.2,147.671
"1702","RUS",1999,1.2,66.1,147.215
"1703","RUS",2000,1.2,65.6,146.597
"1704","RUS",2001,1.2,65.5,145.976
"1705","RUS",2002,1.3,65.3,145.306
"1706","RUS",2003,1.3,65.2,144.649
"1707","RUS",2004,1.3,65.6,144.067
"1708","RUS",2005,1.3,65.7,143.519
"1709","RUS",2006,1.3,66.9,143.05
"1710","RUS",2007,1.4,67.7,142.805
"1711","RUS",2008,1.5,68.1,142.742
"1712","RUS",2009,1.5,68.8,142.785
"1713","RUS",2010,1.6,69,142.849
"1714","RUS",2011,1.6,69.8,142.961
"1715","RUS",2012,1.7,70.2,143.207
"1716","RUS",2013,1.7,70.7,143.507
"1717","SVK",1960,3.1,70.3,4.068094
"1718","SVK",1961,3,70.9,4.191667
"1719","SVK",1962,2.8,70.4,4.238188
"1720","SVK",1963,2.9,70.8,4.282016
"1721","SVK",1964,2.9,71.2,4.327341
"1722","SVK",1965,2.8,70.4,4.370983
"1723","SVK",1966,2.7,70.6,4.411666
"1724","SVK",1967,2.5,71.2,4.449367
"1725","SVK",1968,2.4,70.7,4.483914
"1726","SVK",1969,2.4,70.1,4.518607
"1727","SVK",1970,2.4,70,4.538222
"1728","SVK",1971,2.4,70,4.557448
"1729","SVK",1972,2.5,70.5,4.596621
"1730","SVK",1973,2.6,70.1,4.641444
"1731","SVK",1974,2.6,70.3,4.689623
"1732","SVK",1975,2.5,70.5,4.739105
"1733","SVK",1976,2.5,70.6,4.789506
"1734","SVK",1977,2.5,70.6,4.8405
"1735","SVK",1978,2.5,70.6,4.890124
"1736","SVK",1979,2.4,70.9,4.938972
"1737","SVK",1980,2.3,70.6,4.979815
"1738","SVK",1981,2.3,70.9,5.016105
"1739","SVK",1982,2.3,71,5.055098
"1740","SVK",1983,2.3,70.7,5.091971
"1741","SVK",1984,2.3,71,5.127097
"1742","SVK",1985,2.3,71,5.161767
"1743","SVK",1986,2.2,71.2,5.193837
"1744","SVK",1987,2.1,71.4,5.22284
"1745","SVK",1988,2.1,71.5,5.250596
"1746","SVK",1989,2.1,71.3,5.275941
"1747","SVK",1990,2.1,71.2,5.299187
"1748","SVK",1991,2,71.2,5.303294
"1749","SVK",1992,2,71.6,5.305016
"1750","SVK",1993,1.9,72.1,5.325305
"1751","SVK",1994,1.7,72.5,5.346331
"1752","SVK",1995,1.5,72.5,5.361998
"1753","SVK",1996,1.5,72.9,5.373361
"1754","SVK",1997,1.4,72.9,5.383291
"1755","SVK",1998,1.4,72.8,5.390516
"1756","SVK",1999,1.3,73.2,5.396019
"1757","SVK",2000,1.3,73.4,5.38872
"1758","SVK",2001,1.2,73.6,5.378867
"1759","SVK",2002,1.2,73.8,5.376912
"1760","SVK",2003,1.2,73.8,5.373374
"1761","SVK",2004,1.2,74.2,5.37228
"1762","SVK",2005,1.3,74.2,5.372806
"1763","SVK",2006,1.2,74.4,5.373054
"1764","SVK",2007,1.3,74.5,5.374622
"1765","SVK",2008,1.3,75,5.379232
"1766","SVK",2009,1.4,75.3,5.386405
"1767","SVK",2010,1.4,75.6,5.391428
"1768","SVK",2011,1.5,76.1,5.398384
"1769","SVK",2012,1.3,76.2,5.407579
"1770","SVK",2013,1.3,76.5,5.415949
"1771","SVN",1982,1.9,71.2,1.910335
"1772","SVN",1983,1.8,71,1.922322
"1773","SVN",1984,1.8,71.4,1.932154
"1774","SVN",1985,1.7,71.9,1.94164
"1775","SVN",1986,1.7,72.4,1.980718
"1776","SVN",1987,1.6,72.4,1.989462
"1777","SVN",1988,1.6,73,1.999988
"1778","SVN",1989,1.5,73.4,1.999404
"1779","SVN",1990,1.5,73.8,1.99809
"1780","SVN",1991,1.4,73.5,2.001768
"1781","SVN",1992,1.3,73.6,1.995832
"1782","SVN",1993,1.3,73.5,1.990623
"1783","SVN",1994,1.3,74,1.98885
"1784","SVN",1995,1.3,74.7,1.987505
"1785","SVN",1996,1.3,75.1,1.991169
"1786","SVN",1997,1.3,75.1,1.986848
"1787","SVN",1998,1.2,75.3,1.982603
"1788","SVN",1999,1.2,75.7,1.985557
"1789","SVN",2000,1.3,76.1,1.990272
"1790","SVN",2001,1.2,76.4,1.992035
"1791","SVN",2002,1.2,76.6,1.995718
"1792","SVN",2003,1.2,76.4,1.996773
"1793","SVN",2004,1.3,77.2,1.997004
"1794","SVN",2005,1.3,77.4,2.001114
"1795","SVN",2006,1.3,78.3,2.008516
"1796","SVN",2007,1.4,78.3,2.019406
"1797","SVN",2008,1.5,79.1,2.022629
"1798","SVN",2009,1.5,79.3,2.042335
"1799","SVN",2010,1.6,79.8,2.049261
"1800","SVN",2011,1.6,80.1,2.052496
"1801","SVN",2012,1.6,80.2,2.056262
"1802","SVN",2013,1.6,80.4,2.059114
"1803","SVN",2014,1.6,81.2,2.061623
"1804","SWE",1960,2.2,73.1,7.484656
"1805","SWE",1961,2.2,73.5,7.519997
"1806","SWE",1962,2.3,73.4,7.561588
"1807","SWE",1963,2.3,73.6,7.604327
"1808","SWE",1964,2.5,73.8,7.661353
"1809","SWE",1965,2.4,73.9,7.733853
"1810","SWE",1966,2.4,74.2,7.807797
"1811","SWE",1967,2.3,74.2,7.867931
"1812","SWE",1968,2.1,74.1,7.912273
"1813","SWE",1969,1.9,74.2,7.968071
"1814","SWE",1970,1.9,74.8,8.0428
"1815","SWE",1971,2,74.8,8.098334
"1816","SWE",1972,1.9,74.8,8.122299
"1817","SWE",1973,1.9,75,8.136312
"1818","SWE",1974,1.9,75.1,8.159955
"1819","SWE",1975,1.8,75.2,8.192437
"1820","SWE",1976,1.7,75.1,8.222285
"1821","SWE",1977,1.6,75.6,8.25154
"1822","SWE",1978,1.6,75.7,8.275598
"1823","SWE",1979,1.7,75.7,8.293677
"1824","SWE",1980,1.7,75.9,8.31053
"1825","SWE",1981,1.6,76.2,8.320502
"1826","SWE",1982,1.6,76.5,8.325263
"1827","SWE",1983,1.6,76.7,8.329032
"1828","SWE",1984,1.7,77,8.336605
"1829","SWE",1985,1.7,76.8,8.350386
"1830","SWE",1986,1.8,77.1,8.369829
"1831","SWE",1987,1.8,77.3,8.397804
"1832","SWE",1988,2,77.1,8.436488
"1833","SWE",1989,2,77.8,8.492963
"1834","SWE",1990,2.1,77.7,8.558834
"1835","SWE",1991,2.1,77.9,8.617375
"1836","SWE",1992,2.1,78.2,8.668066
"1837","SWE",1993,2,78.2,8.718561
"1838","SWE",1994,1.9,78.9,8.780745
"1839","SWE",1995,1.7,79,8.826938
"1840","SWE",1996,1.6,79.2,8.840997
"1841","SWE",1997,1.5,79.4,8.846062
"1842","SWE",1998,1.5,79.5,8.850973
"1843","SWE",1999,1.5,79.6,8.857874
"1844","SWE",2000,1.5,79.7,8.872109
"1845","SWE",2001,1.6,79.9,8.89596
"1846","SWE",2002,1.7,79.9,8.924958
"1847","SWE",2003,1.7,80.3,8.958229
"1848","SWE",2004,1.8,80.6,8.993531
"1849","SWE",2005,1.8,80.7,9.029572
"1850","SWE",2006,1.9,81,9.080504
"1851","SWE",2007,1.9,81.1,9.148092
"1852","SWE",2008,1.9,81.3,9.219637
"1853","SWE",2009,1.9,81.5,9.298514
"1854","SWE",2010,2,81.6,9.378126
"1855","SWE",2011,1.9,81.9,9.449212
"1856","SWE",2012,1.9,81.8,9.519374
"1857","SWE",2013,1.9,82,9.609
"1858","TUR",1960,6.4,48.3,27.506
"1859","TUR",1961,6.3,49,28.227
"1860","TUR",1962,6.3,49.7,28.931
"1861","TUR",1963,6.2,50.3,29.652
"1862","TUR",1964,6,51,30.391
"1863","TUR",1965,5.8,51.6,31.149
"1864","TUR",1966,5.7,52.2,31.936
"1865","TUR",1967,5.5,52.9,32.75
"1866","TUR",1968,5.3,53.4,33.586
"1867","TUR",1969,5.2,53.8,34.443
"1868","TUR",1970,5,54.2,35.321
"1869","TUR",1971,5,54.6,36.215
"1870","TUR",1972,5,55,37.133
"1871","TUR",1973,5.6,55.4,38.073
"1872","TUR",1974,5.5,55.7,39.037
"1873","TUR",1975,5.3,56.1,40.026
"1874","TUR",1976,5.2,56.5,40.916
"1875","TUR",1977,4.9,56.9,41.769
"1876","TUR",1978,5.1,57.3,42.641
"1877","TUR",1979,4.8,57.7,43.531
"1878","TUR",1980,4.6,58.1,44.439
"1879","TUR",1981,4.4,58.5,45.54
"1880","TUR",1982,4.2,58.9,46.688
"1881","TUR",1983,4.1,59.7,47.864
"1882","TUR",1984,3.9,60.9,49.07
"1883","TUR",1985,3.8,62.1,50.307
"1884","TUR",1986,3.6,63.2,51.48
"1885","TUR",1987,3.4,64.4,52.37
"1886","TUR",1988,3.3,65.2,53.268
"1887","TUR",1989,3.4,65.7,54.192
"1888","TUR",1990,3.1,67.5,55.12
"1889","TUR",1991,3,67.8,56.055
"1890","TUR",1992,2.9,68.2,56.986
"1891","TUR",1993,2.9,68.5,57.913
"1892","TUR",1994,2.8,68.9,58.837
"1893","TUR",1995,2.8,69.3,59.756
"1894","TUR",1996,2.7,69.7,60.671
"1895","TUR",1997,2.6,70.1,61.582
"1896","TUR",1998,2.6,70.3,62.464
"1897","TUR",1999,2.5,70.7,63.364
"1898","TUR",2000,2.3,71.1,64.26875
"1899","TUR",2001,2.4,71.5,65.16633
"1900","TUR",2002,2.2,71.9,66.00251
"1901","TUR",2003,2.1,72.3,66.79455
"1902","TUR",2004,2.1,72.7,67.59873
"1903","TUR",2005,2.1,73.1,68.43538
"1904","TUR",2006,2.1,73.4,69.29525
"1905","TUR",2007,2.2,73.7,70.15811
"1906","TUR",2008,2.2,73.9,71.05168
"1907","TUR",2009,2.1,74.1,72.0392
"1908","TUR",2010,2.1,74.3,73.14215
"1909","TUR",2011,2,74.6,74.22363
"1910","TUR",2012,2.1,74.6,75.17583
"1911","TUR",2013,2.1,78,76.05462
"1912","TUR",2014,2.2,78,76.90287
"1913","USA",1960,3.7,69.9,180.6712
"1914","USA",1961,3.6,70.4,183.6915
"1915","USA",1962,3.5,70.2,186.5377
"1916","USA",1963,3.3,70,189.2418
"1917","USA",1964,3.2,70.3,191.8888
"1918","USA",1965,2.9,70.3,194.303
"1919","USA",1966,2.7,70.3,196.5603
"1920","USA",1967,2.6,70.7,198.7121
"1921","USA",1968,2.5,70.4,200.706
"1922","USA",1969,2.5,70.6,202.677
"1923","USA",1970,2.5,70.9,205.0522
"1924","USA",1971,2.3,71.2,207.6607
"1925","USA",1972,2,71.3,209.896
"1926","USA",1973,1.9,71.5,211.9088
"1927","USA",1974,1.8,72.1,213.8539
"1928","USA",1975,1.8,72.7,215.9732
"1929","USA",1976,1.7,73,218.0352
"1930","USA",1977,1.8,73.4,220.2394
"1931","USA",1978,1.8,73.5,222.5845
"1932","USA",1979,1.8,73.9,225.0555
"1933","USA",1980,1.8,73.7,227.2247
"1934","USA",1981,1.8,74.1,229.4657
"1935","USA",1982,1.8,74.5,231.6645
"1936","USA",1983,1.8,74.6,233.792
"1937","USA",1984,1.8,74.7,235.8249
"1938","USA",1985,1.8,74.7,237.9238
"1939","USA",1986,1.8,74.7,240.1329
"1940","USA",1987,1.9,74.9,242.2889
"1941","USA",1988,1.9,74.9,244.499
"1942","USA",1989,2,75.1,246.8192
"1943","USA",1990,2.1,75.3,249.6228
"1944","USA",1991,2.1,75.5,252.9809
"1945","USA",1992,2,75.7,256.5142
"1946","USA",1993,2,75.5,259.9186
"1947","USA",1994,2,75.7,263.1258
"1948","USA",1995,2,75.7,266.2784
"1949","USA",1996,2,76.1,269.3943
"1950","USA",1997,2,76.5,272.6469
"1951","USA",1998,2,76.7,275.8541
"1952","USA",1999,2,76.7,279.0402
"1953","USA",2000,2.1,76.7,282.1624
"1954","USA",2001,2,76.9,284.969
"1955","USA",2002,2,77,287.6252
"1956","USA",2003,2,77.1,290.1079
"1957","USA",2004,2,77.6,292.8053
"1958","USA",2005,2.1,77.6,295.5166
"1959","USA",2006,2.1,77.8,298.3799
"1960","USA",2007,2.1,78.1,301.2312
"1961","USA",2008,2.1,78.1,304.094
"1962","USA",2009,2,78.5,306.7715
"1963","USA",2010,1.9,78.6,309.3471
"1964","USA",2011,1.9,78.7,311.7216
"1965","USA",2012,1.9,78.8,314.1121
"1966","USA",2013,1.9,78.8,316.498
"1967","USA",2014,1.9,78.9,318.857
"1968","ZAF",1991,3.5,62.4,36.199
"1969","ZAF",1992,3.4,62.4,36.992
"1970","ZAF",1993,3.3,62.3,37.802
"1971","ZAF",1994,3.2,62,38.631
"1972","ZAF",1995,3.1,61.5,39.477
"1973","ZAF",1996,3,60.7,40.342
"1974","ZAF",1997,3,59.7,41.227
"1975","ZAF",1998,2.9,58.5,42.131
"1976","ZAF",1999,2.9,57.2,43.054
"1977","ZAF",2000,2.8,55.9,43.69
"1978","ZAF",2001,2.8,54.6,44.56
"1979","ZAF",2002,2.8,53.5,45.545
"1980","ZAF",2003,2.7,52.6,46.127
"1981","ZAF",2004,2.7,51.9,46.727
"1982","ZAF",2005,2.7,51.6,47.35
"1983","ZAF",2006,2.7,51.6,47.991
"1984","ZAF",2007,2.6,52,48.658
"1985","ZAF",2008,2.6,52.7,49.345
"1986","ZAF",2009,2.6,53.5,50.055
"1987","ZAF",2010,2.6,54.4,50.792
"1988","ZAF",2011,2.6,55.3,51.554
"1989","ZAF",2012,2.6,56.1,52.341
"1990","ZAF",2013,2.5,56.8,53.158
"1991","ZAF",2014,2.5,57.2,54.002
